2026-06-16 02:29:57.289 [main] INFO  org.example.Network.UDPServer - Сервер запущен на порту 24868
2026-06-16 02:34:28.985 [main] INFO  org.example.Network.UDPServer - Сервер запущен на порту 24868
2026-06-16 02:34:32.532 [main] INFO  org.example.Network.UDPServer - сервер обрабатывает ключ channel=sun.nio.ch.DatagramChannelImpl@5a4aa2f2, selector=sun.nio.ch.EPollSelectorImpl@6591f517, interestOps=1, readyOps=1
2026-06-16 02:34:32.532 [main] INFO  org.example.Network.UDPServer - пользователь /127.0.0.1:60799 отправил данные
2026-06-16 02:36:44.335 [main] INFO  org.example.Network.UDPServer - Сервер запущен на порту 24868
2026-06-16 02:36:51.734 [main] INFO  org.example.Network.UDPServer - пользователь /127.0.0.1:54428 отправил данные
2026-06-16 02:39:14.163 [main] INFO  org.example.Network.UDPServer - Сервер запущен на порту 24868
2026-06-16 02:39:15.741 [Thread-0] INFO  org.example.Server - сервер прекратил работу
2026-06-16 03:26:55.259 [main] INFO  org.example.Network.UDPServer - Сервер запущен на порту 24868
2026-06-16 03:27:01.408 [main] INFO  org.example.Network.UDPServer - пользователь /127.0.0.1:42566 отправил данные
2026-06-16 03:27:01.565 [main] INFO  org.example.Network.UDPServer - выполняется запрос Command{name='help', description='null', arguments='null'}
2026-06-16 03:27:01.576 [main] INFO  org.example.Network.UDPServer - ответ отправлен пользователю /127.0.0.1:42566
2026-06-16 03:38:58.330 [Thread-0] INFO  org.example.Server - сервер прекратил работу
2026-06-16 03:38:59.796 [main] INFO  org.example.Network.UDPServer - Сервер запущен на порту 24868
2026-06-16 03:39:03.762 [main] INFO  org.example.Network.UDPServer - пользователь /127.0.0.1:58065 отправил данные
2026-06-16 03:39:03.903 [main] INFO  org.example.Network.UDPServer - выполняется запрос Command{name='help', description='null', arguments='null'}
2026-06-16 03:39:03.909 [main] INFO  org.example.Network.UDPServer - ответ отправлен пользователю /127.0.0.1:58065
2026-06-16 03:41:26.176 [Thread-0] INFO  org.example.Server - сервер прекратил работу
2026-06-16 03:41:27.757 [main] INFO  org.example.Network.UDPServer - Сервер запущен на порту 24868
2026-06-16 03:41:30.992 [main] INFO  org.example.Network.UDPServer - пользователь /127.0.0.1:50121 отправил данные
2026-06-16 03:41:31.147 [main] INFO  org.example.Network.UDPServer - выполняется запрос Command{name='show', description='null', arguments='null'}
2026-06-16 03:41:31.164 [main] INFO  org.example.Network.UDPServer - ответ отправлен пользователю /127.0.0.1:50121,содержание:<Response>
  <content>MusicBand{
ID: 2, NAME: Group, COORDINATES: Coordinates{1, 1.0}, CREATION DATE: 2026-06-08T19:50:47.620694857+03:00[Europe/Moscow],
NUMBER OF PARTICIPANTS: 2, ESTABLISHMENT DATE: 2026-06-08, MUSIC GENRE: ROCK,
FRONT MAN: Person{ NAME: Tvari, HEIGHT: 170.0, PASSPORT ID: 1241KDSKKS, HAIR COLOR: WHITE, Location{1.0, 1, 1.0}}
}
MusicBand{
ID: 1, NAME: Pink Floyd, COORDINATES: Coordinates{100, 250.5}, CREATION DATE: 2024-03-15T10:30Z,
NUMBER OF PARTICIPANTS: 5, ESTABLISHMENT DATE: 1965-10-15, MUSIC GENRE: PROGRESSIVE_ROCK,
FRONT MAN: Person{ NAME: David Gilmour, HEIGHT: 175.5, PASSPORT ID: AB1234567, HAIR COLOR: BLUE, Location{55.7558, 3761750, 156.0}}
}</content>
</Response>
2026-06-16 04:09:18.996 [Thread-0] INFO  org.example.Server - сервер прекратил работу
2026-06-16 04:14:24.339 [main] INFO  org.example.Network.UDPServer - Сервер запущен на порту 24868
2026-06-16 04:14:27.456 [main] INFO  org.example.Network.UDPServer - пользователь /127.0.0.1:59975 отправил данные
2026-06-16 04:14:27.610 [main] INFO  org.example.Network.UDPServer - выполняется запрос Command{name='help', description='null', arguments='null'}
2026-06-16 04:14:27.616 [main] INFO  org.example.Network.UDPServer - ответ отправлен пользователю /127.0.0.1:59975,содержание:<Response>
  <content>add: добавить новый элемент в коллекцию. Команда от одного аргумента - добавить по XML
от девяти аргументов - явно задать параметры, без аргументов - интерактивный режим
fsn: fstarts_with_name: вывести элементы, значение поля name которых начинается с заданной подстроки
aifm: add_if_min: добавить новый элемент в коллекцию, если его значение меньше, чем у наименьшего элемента этой коллекции
clear: очистить коллекцию
show: показать информацию о коллекции
save: сохранить коллекцию в файл
rmg: remove_greater: удалить из коллекции все элементы, превышающие заданный
execute: считать и исполнить скрипт из указанного файла. В скрипте содержатся команды в таком же виде, в котором их вводит пользователь в интерактивном режиме.
rmi: remove_by_id :удалить элемент из коллекции по его id
fcn: filter_contains_name: вывести элементы, значение поля name которых содержит заданную подстроку
rml: remove_lower: удалить из коллекции все элементы, меньшие, чем заданный
help: вывести справку по доступным командам
ubi: update_by_id: обновить значение элемента коллекции, id которого равен заданному
info: вывести в стандартный поток вывода информацию о коллекции
group: сгруппировать элементы коллекции по значению поля creationDate, вывести количество элементов в каждой группе</content>
</Response>
2026-06-16 04:33:10.872 [Thread-0] INFO  org.example.Server - сервер прекратил работу
2026-06-16 04:33:13.425 [main] INFO  org.example.Network.UDPServer - Сервер запущен на порту 24868
2026-06-16 04:55:53.233 [Thread-0] INFO  org.example.Server - сервер прекратил работу
2026-06-16 05:04:18.914 [Thread-0] INFO  org.example.Server - сервер прекратил работу
2026-06-16 13:41:29.402 [main] INFO  org.example.Network.UDPServer - Сервер запущен на порту 24868
2026-06-16 13:42:03.358 [main] INFO  org.example.Network.UDPServer - пользователь /127.0.0.1:59666 отправил данные
2026-06-16 13:42:03.520 [main] INFO  org.example.Network.UDPServer - выполняется запрос Command{name='show', description='null', arguments='null'}
2026-06-16 13:42:03.538 [main] INFO  org.example.Network.UDPServer - ответ отправлен пользователю /127.0.0.1:59666,содержание:<Response>
  <content>MusicBand{
ID: 2, NAME: Group, COORDINATES: Coordinates{1, 1.0}, CREATION DATE: 2026-06-08T19:50:47.620694857+03:00[Europe/Moscow],
NUMBER OF PARTICIPANTS: 2, ESTABLISHMENT DATE: 2026-06-08, MUSIC GENRE: ROCK,
FRONT MAN: Person{ NAME: Tvari, HEIGHT: 170.0, PASSPORT ID: 1241KDSKKS, HAIR COLOR: WHITE, Location{1.0, 1, 1.0}}
}
MusicBand{
ID: 1, NAME: Pink Floyd, COORDINATES: Coordinates{100, 250.5}, CREATION DATE: 2024-03-15T10:30Z,
NUMBER OF PARTICIPANTS: 5, ESTABLISHMENT DATE: 1965-10-15, MUSIC GENRE: PROGRESSIVE_ROCK,
FRONT MAN: Person{ NAME: David Gilmour, HEIGHT: 175.5, PASSPORT ID: AB1234567, HAIR COLOR: BLUE, Location{55.7558, 3761750, 156.0}}
}</content>
</Response>
2026-06-16 13:42:18.186 [Thread-0] INFO  org.example.Server - сервер прекратил работу
2026-06-16 13:42:19.274 [main] INFO  org.example.Network.UDPServer - Сервер запущен на порту 24868
2026-06-16 13:42:20.686 [Thread-0] INFO  org.example.Server - сервер прекратил работу
2026-06-16 14:29:56.027 [main] INFO  org.example.Network.UDPServer - Сервер запущен на порту 24868
2026-06-16 14:30:49.031 [Thread-0] INFO  org.example.Server - сервер прекратил работу
2026-06-16 14:30:50.670 [main] INFO  org.example.Network.UDPServer - Сервер запущен на порту 24868
2026-06-16 14:35:25.616 [Thread-0] INFO  org.example.Server - сервер прекратил работу
2026-06-16 23:41:10.488 [main] INFO  org.example.Network.UDPServer - Сервер запущен на порту 24868
2026-06-16 23:41:21.588 [Thread-0] INFO  org.example.Server - сервер прекратил работу
2026-06-16 23:41:22.835 [main] INFO  org.example.Network.UDPServer - Сервер запущен на порту 24868
2026-06-16 23:42:06.833 [main] INFO  org.example.Network.UDPServer - пользователь /127.0.0.1:53982 отправил данные
2026-06-16 23:42:07.055 [main] INFO  org.example.Network.UDPServer - выполняется запрос Command{name='add', description='null', arguments='[Ljava.lang.String;@7526515b'}
2026-06-16 23:42:07.061 [main] INFO  o.example.Menegers.CollectionManager - добавлена музыкальная группа:MusicBand{
ID: 3, NAME: Naame, COORDINATES: Coordinates{123, 1.0}, CREATION DATE: 2026-06-16T23:41:37.599419332+03:00[Europe/Moscow],
NUMBER OF PARTICIPANTS: 1, ESTABLISHMENT DATE: 2026-06-16, MUSIC GENRE: PROGRESSIVE_ROCK,
FRONT MAN: Person{ NAME: Hur, HEIGHT: 123.0, PASSPORT ID: 123, HAIR COLOR: BLUE, Location{1.0, 1, 3.0}}
}
2026-06-16 23:42:07.080 [main] INFO  o.example.Menegers.CollectionManager - коллекция сохранена
2026-06-16 23:42:07.088 [main] INFO  org.example.Network.UDPServer - ответ отправлен пользователю /127.0.0.1:53982,содержание:<Response>
  <content>Музыкальная группа успешно добавлена</content>
</Response>
2026-08-11 16:02:19.310 [main] INFO  org.example.Network.UDPServer - Сервер запущен на порту 24868
2026-08-11 16:02:30.397 [main] INFO  org.example.Network.UDPServer - пользователь /127.0.0.1:14331 отправил данные
2026-08-11 16:02:30.675 [main] INFO  org.example.Network.UDPServer - выполняется запрос Command{name='help', description='null', arguments='null'}
2026-08-11 16:02:30.685 [main] INFO  org.example.Network.UDPServer - ответ отправлен пользователю /127.0.0.1:14331,содержание:<Response>
  <content>add: добавить новый элемент в коллекцию. Команда от одного аргумента - добавить по XML
от девяти аргументов - явно задать параметры, без аргументов - интерактивный режим
fsn: fstarts_with_name: вывести элементы, значение поля name которых начинается с заданной подстроки
aifm: add_if_min: добавить новый элемент в коллекцию, если его значение меньше, чем у наименьшего элемента этой коллекции
clear: очистить коллекцию
show: показать информацию о коллекции
save: сохранить коллекцию в файл
rmg: remove_greater: удалить из коллекции все элементы, превышающие заданный
execute: считать и исполнить скрипт из указанного файла. В скрипте содержатся команды в таком же виде, в котором их вводит пользователь в интерактивном режиме.
rmi: remove_by_id :удалить элемент из коллекции по его id
fcn: filter_contains_name: вывести элементы, значение поля name которых содержит заданную подстроку
rml: remove_lower: удалить из коллекции все элементы, меньшие, чем заданный
help: вывести справку по доступным командам
ubi: update_by_id: обновить значение элемента коллекции, id которого равен заданному
info: вывести в стандартный поток вывода информацию о коллекции
group: сгруппировать элементы коллекции по значению поля creationDate, вывести количество элементов в каждой группе</content>
</Response>
2026-08-11 16:02:30.685 [main] INFO  org.example.Network.UDPServer - пользователь /127.0.0.1:14331 отправил данные
2026-08-11 16:02:30.690 [main] INFO  org.example.Network.UDPServer - выполняется запрос Command{name='help', description='null', arguments='null'}
2026-08-11 16:02:30.696 [main] INFO  org.example.Network.UDPServer - ответ отправлен пользователю /127.0.0.1:14331,содержание:<Response>
  <content>add: добавить новый элемент в коллекцию. Команда от одного аргумента - добавить по XML
от девяти аргументов - явно задать параметры, без аргументов - интерактивный режим
fsn: fstarts_with_name: вывести элементы, значение поля name которых начинается с заданной подстроки
aifm: add_if_min: добавить новый элемент в коллекцию, если его значение меньше, чем у наименьшего элемента этой коллекции
clear: очистить коллекцию
show: показать информацию о коллекции
save: сохранить коллекцию в файл
rmg: remove_greater: удалить из коллекции все элементы, превышающие заданный
execute: считать и исполнить скрипт из указанного файла. В скрипте содержатся команды в таком же виде, в котором их вводит пользователь в интерактивном режиме.
rmi: remove_by_id :удалить элемент из коллекции по его id
fcn: filter_contains_name: вывести элементы, значение поля name которых содержит заданную подстроку
rml: remove_lower: удалить из коллекции все элементы, меньшие, чем заданный
help: вывести справку по доступным командам
ubi: update_by_id: обновить значение элемента коллекции, id которого равен заданному
info: вывести в стандартный поток вывода информацию о коллекции
group: сгруппировать элементы коллекции по значению поля creationDate, вывести количество элементов в каждой группе</content>
</Response>
2026-08-11 16:02:30.697 [main] INFO  org.example.Network.UDPServer - пользователь /127.0.0.1:14331 отправил данные
2026-08-11 16:02:30.700 [main] INFO  org.example.Network.UDPServer - выполняется запрос Command{name='help', description='null', arguments='null'}
2026-08-11 16:02:30.702 [main] INFO  org.example.Network.UDPServer - ответ отправлен пользователю /127.0.0.1:14331,содержание:<Response>
  <content>add: добавить новый элемент в коллекцию. Команда от одного аргумента - добавить по XML
от девяти аргументов - явно задать параметры, без аргументов - интерактивный режим
fsn: fstarts_with_name: вывести элементы, значение поля name которых начинается с заданной подстроки
aifm: add_if_min: добавить новый элемент в коллекцию, если его значение меньше, чем у наименьшего элемента этой коллекции
clear: очистить коллекцию
show: показать информацию о коллекции
save: сохранить коллекцию в файл
rmg: remove_greater: удалить из коллекции все элементы, превышающие заданный
execute: считать и исполнить скрипт из указанного файла. В скрипте содержатся команды в таком же виде, в котором их вводит пользователь в интерактивном режиме.
rmi: remove_by_id :удалить элемент из коллекции по его id
fcn: filter_contains_name: вывести элементы, значение поля name которых содержит заданную подстроку
rml: remove_lower: удалить из коллекции все элементы, меньшие, чем заданный
help: вывести справку по доступным командам
ubi: update_by_id: обновить значение элемента коллекции, id которого равен заданному
info: вывести в стандартный поток вывода информацию о коллекции
group: сгруппировать элементы коллекции по значению поля creationDate, вывести количество элементов в каждой группе</content>
</Response>
2026-08-11 16:02:30.702 [main] INFO  org.example.Network.UDPServer - пользователь /127.0.0.1:14331 отправил данные
2026-08-11 16:02:30.706 [main] INFO  org.example.Network.UDPServer - выполняется запрос Command{name='help', description='null', arguments='null'}
2026-08-11 16:02:30.710 [main] INFO  org.example.Network.UDPServer - ответ отправлен пользователю /127.0.0.1:14331,содержание:<Response>
  <content>add: добавить новый элемент в коллекцию. Команда от одного аргумента - добавить по XML
от девяти аргументов - явно задать параметры, без аргументов - интерактивный режим
fsn: fstarts_with_name: вывести элементы, значение поля name которых начинается с заданной подстроки
aifm: add_if_min: добавить новый элемент в коллекцию, если его значение меньше, чем у наименьшего элемента этой коллекции
clear: очистить коллекцию
show: показать информацию о коллекции
save: сохранить коллекцию в файл
rmg: remove_greater: удалить из коллекции все элементы, превышающие заданный
execute: считать и исполнить скрипт из указанного файла. В скрипте содержатся команды в таком же виде, в котором их вводит пользователь в интерактивном режиме.
rmi: remove_by_id :удалить элемент из коллекции по его id
fcn: filter_contains_name: вывести элементы, значение поля name которых содержит заданную подстроку
rml: remove_lower: удалить из коллекции все элементы, меньшие, чем заданный
help: вывести справку по доступным командам
ubi: update_by_id: обновить значение элемента коллекции, id которого равен заданному
info: вывести в стандартный поток вывода информацию о коллекции
group: сгруппировать элементы коллекции по значению поля creationDate, вывести количество элементов в каждой группе</content>
</Response>
2026-08-11 16:02:30.711 [main] INFO  org.example.Network.UDPServer - пользователь /127.0.0.1:14331 отправил данные
2026-08-11 16:02:30.713 [main] INFO  org.example.Network.UDPServer - выполняется запрос Command{name='help', description='null', arguments='null'}
2026-08-11 16:02:30.716 [main] INFO  org.example.Network.UDPServer - ответ отправлен пользователю /127.0.0.1:14331,содержание:<Response>
  <content>add: добавить новый элемент в коллекцию. Команда от одного аргумента - добавить по XML
от девяти аргументов - явно задать параметры, без аргументов - интерактивный режим
fsn: fstarts_with_name: вывести элементы, значение поля name которых начинается с заданной подстроки
aifm: add_if_min: добавить новый элемент в коллекцию, если его значение меньше, чем у наименьшего элемента этой коллекции
clear: очистить коллекцию
show: показать информацию о коллекции
save: сохранить коллекцию в файл
rmg: remove_greater: удалить из коллекции все элементы, превышающие заданный
execute: считать и исполнить скрипт из указанного файла. В скрипте содержатся команды в таком же виде, в котором их вводит пользователь в интерактивном режиме.
rmi: remove_by_id :удалить элемент из коллекции по его id
fcn: filter_contains_name: вывести элементы, значение поля name которых содержит заданную подстроку
rml: remove_lower: удалить из коллекции все элементы, меньшие, чем заданный
help: вывести справку по доступным командам
ubi: update_by_id: обновить значение элемента коллекции, id которого равен заданному
info: вывести в стандартный поток вывода информацию о коллекции
group: сгруппировать элементы коллекции по значению поля creationDate, вывести количество элементов в каждой группе</content>
</Response>
2026-08-11 17:15:54.277 [main] INFO  org.example.Network.UDPServer - пользователь /127.0.0.1:36444 отправил данные
2026-08-11 17:15:54.282 [main] INFO  org.example.Network.UDPServer - выполняется запрос Command{name='help', description='null', arguments='null'}
2026-08-11 17:15:54.285 [main] INFO  org.example.Network.UDPServer - ответ отправлен пользователю /127.0.0.1:36444,содержание:<Response>
  <content>add: добавить новый элемент в коллекцию. Команда от одного аргумента - добавить по XML
от девяти аргументов - явно задать параметры, без аргументов - интерактивный режим
fsn: fstarts_with_name: вывести элементы, значение поля name которых начинается с заданной подстроки
aifm: add_if_min: добавить новый элемент в коллекцию, если его значение меньше, чем у наименьшего элемента этой коллекции
clear: очистить коллекцию
show: показать информацию о коллекции
save: сохранить коллекцию в файл
rmg: remove_greater: удалить из коллекции все элементы, превышающие заданный
execute: считать и исполнить скрипт из указанного файла. В скрипте содержатся команды в таком же виде, в котором их вводит пользователь в интерактивном режиме.
rmi: remove_by_id :удалить элемент из коллекции по его id
fcn: filter_contains_name: вывести элементы, значение поля name которых содержит заданную подстроку
rml: remove_lower: удалить из коллекции все элементы, меньшие, чем заданный
help: вывести справку по доступным командам
ubi: update_by_id: обновить значение элемента коллекции, id которого равен заданному
info: вывести в стандартный поток вывода информацию о коллекции
group: сгруппировать элементы коллекции по значению поля creationDate, вывести количество элементов в каждой группе</content>
</Response>
2026-08-11 17:15:54.287 [main] INFO  org.example.Network.UDPServer - пользователь /127.0.0.1:36444 отправил данные
2026-08-11 17:15:54.290 [main] INFO  org.example.Network.UDPServer - выполняется запрос Command{name='help', description='null', arguments='null'}
2026-08-11 17:15:54.292 [main] INFO  org.example.Network.UDPServer - ответ отправлен пользователю /127.0.0.1:36444,содержание:<Response>
  <content>add: добавить новый элемент в коллекцию. Команда от одного аргумента - добавить по XML
от девяти аргументов - явно задать параметры, без аргументов - интерактивный режим
fsn: fstarts_with_name: вывести элементы, значение поля name которых начинается с заданной подстроки
aifm: add_if_min: добавить новый элемент в коллекцию, если его значение меньше, чем у наименьшего элемента этой коллекции
clear: очистить коллекцию
show: показать информацию о коллекции
save: сохранить коллекцию в файл
rmg: remove_greater: удалить из коллекции все элементы, превышающие заданный
execute: считать и исполнить скрипт из указанного файла. В скрипте содержатся команды в таком же виде, в котором их вводит пользователь в интерактивном режиме.
rmi: remove_by_id :удалить элемент из коллекции по его id
fcn: filter_contains_name: вывести элементы, значение поля name которых содержит заданную подстроку
rml: remove_lower: удалить из коллекции все элементы, меньшие, чем заданный
help: вывести справку по доступным командам
ubi: update_by_id: обновить значение элемента коллекции, id которого равен заданному
info: вывести в стандартный поток вывода информацию о коллекции
group: сгруппировать элементы коллекции по значению поля creationDate, вывести количество элементов в каждой группе</content>
</Response>
2026-08-11 17:15:54.293 [main] INFO  org.example.Network.UDPServer - пользователь /127.0.0.1:36444 отправил данные
2026-08-11 17:15:54.297 [main] INFO  org.example.Network.UDPServer - выполняется запрос Command{name='help', description='null', arguments='null'}
2026-08-11 17:15:54.306 [main] INFO  org.example.Network.UDPServer - ответ отправлен пользователю /127.0.0.1:36444,содержание:<Response>
  <content>add: добавить новый элемент в коллекцию. Команда от одного аргумента - добавить по XML
от девяти аргументов - явно задать параметры, без аргументов - интерактивный режим
fsn: fstarts_with_name: вывести элементы, значение поля name которых начинается с заданной подстроки
aifm: add_if_min: добавить новый элемент в коллекцию, если его значение меньше, чем у наименьшего элемента этой коллекции
clear: очистить коллекцию
show: показать информацию о коллекции
save: сохранить коллекцию в файл
rmg: remove_greater: удалить из коллекции все элементы, превышающие заданный
execute: считать и исполнить скрипт из указанного файла. В скрипте содержатся команды в таком же виде, в котором их вводит пользователь в интерактивном режиме.
rmi: remove_by_id :удалить элемент из коллекции по его id
fcn: filter_contains_name: вывести элементы, значение поля name которых содержит заданную подстроку
rml: remove_lower: удалить из коллекции все элементы, меньшие, чем заданный
help: вывести справку по доступным командам
ubi: update_by_id: обновить значение элемента коллекции, id которого равен заданному
info: вывести в стандартный поток вывода информацию о коллекции
group: сгруппировать элементы коллекции по значению поля creationDate, вывести количество элементов в каждой группе</content>
</Response>
2026-08-11 17:15:54.306 [main] INFO  org.example.Network.UDPServer - пользователь /127.0.0.1:36444 отправил данные
2026-08-11 17:15:54.308 [main] INFO  org.example.Network.UDPServer - выполняется запрос Command{name='help', description='null', arguments='null'}
2026-08-11 17:15:54.310 [main] INFO  org.example.Network.UDPServer - ответ отправлен пользователю /127.0.0.1:36444,содержание:<Response>
  <content>add: добавить новый элемент в коллекцию. Команда от одного аргумента - добавить по XML
от девяти аргументов - явно задать параметры, без аргументов - интерактивный режим
fsn: fstarts_with_name: вывести элементы, значение поля name которых начинается с заданной подстроки
aifm: add_if_min: добавить новый элемент в коллекцию, если его значение меньше, чем у наименьшего элемента этой коллекции
clear: очистить коллекцию
show: показать информацию о коллекции
save: сохранить коллекцию в файл
rmg: remove_greater: удалить из коллекции все элементы, превышающие заданный
execute: считать и исполнить скрипт из указанного файла. В скрипте содержатся команды в таком же виде, в котором их вводит пользователь в интерактивном режиме.
rmi: remove_by_id :удалить элемент из коллекции по его id
fcn: filter_contains_name: вывести элементы, значение поля name которых содержит заданную подстроку
rml: remove_lower: удалить из коллекции все элементы, меньшие, чем заданный
help: вывести справку по доступным командам
ubi: update_by_id: обновить значение элемента коллекции, id которого равен заданному
info: вывести в стандартный поток вывода информацию о коллекции
group: сгруппировать элементы коллекции по значению поля creationDate, вывести количество элементов в каждой группе</content>
</Response>
2026-08-11 17:15:54.311 [main] INFO  org.example.Network.UDPServer - пользователь /127.0.0.1:36444 отправил данные
2026-08-11 17:15:54.313 [main] INFO  org.example.Network.UDPServer - выполняется запрос Command{name='help', description='null', arguments='null'}
2026-08-11 17:15:54.315 [main] INFO  org.example.Network.UDPServer - ответ отправлен пользователю /127.0.0.1:36444,содержание:<Response>
  <content>add: добавить новый элемент в коллекцию. Команда от одного аргумента - добавить по XML
от девяти аргументов - явно задать параметры, без аргументов - интерактивный режим
fsn: fstarts_with_name: вывести элементы, значение поля name которых начинается с заданной подстроки
aifm: add_if_min: добавить новый элемент в коллекцию, если его значение меньше, чем у наименьшего элемента этой коллекции
clear: очистить коллекцию
show: показать информацию о коллекции
save: сохранить коллекцию в файл
rmg: remove_greater: удалить из коллекции все элементы, превышающие заданный
execute: считать и исполнить скрипт из указанного файла. В скрипте содержатся команды в таком же виде, в котором их вводит пользователь в интерактивном режиме.
rmi: remove_by_id :удалить элемент из коллекции по его id
fcn: filter_contains_name: вывести элементы, значение поля name которых содержит заданную подстроку
rml: remove_lower: удалить из коллекции все элементы, меньшие, чем заданный
help: вывести справку по доступным командам
ubi: update_by_id: обновить значение элемента коллекции, id которого равен заданному
info: вывести в стандартный поток вывода информацию о коллекции
group: сгруппировать элементы коллекции по значению поля creationDate, вывести количество элементов в каждой группе</content>
</Response>
2026-08-11 17:17:07.224 [main] INFO  org.example.Network.UDPServer - пользователь /127.0.0.1:57457 отправил данные
2026-08-11 17:17:07.226 [main] INFO  org.example.Network.UDPServer - выполняется запрос Command{name='help', description='null', arguments='null'}
2026-08-11 17:17:07.228 [main] INFO  org.example.Network.UDPServer - ответ отправлен пользователю /127.0.0.1:57457,содержание:<Response>
  <content>add: добавить новый элемент в коллекцию. Команда от одного аргумента - добавить по XML
от девяти аргументов - явно задать параметры, без аргументов - интерактивный режим
fsn: fstarts_with_name: вывести элементы, значение поля name которых начинается с заданной подстроки
aifm: add_if_min: добавить новый элемент в коллекцию, если его значение меньше, чем у наименьшего элемента этой коллекции
clear: очистить коллекцию
show: показать информацию о коллекции
save: сохранить коллекцию в файл
rmg: remove_greater: удалить из коллекции все элементы, превышающие заданный
execute: считать и исполнить скрипт из указанного файла. В скрипте содержатся команды в таком же виде, в котором их вводит пользователь в интерактивном режиме.
rmi: remove_by_id :удалить элемент из коллекции по его id
fcn: filter_contains_name: вывести элементы, значение поля name которых содержит заданную подстроку
rml: remove_lower: удалить из коллекции все элементы, меньшие, чем заданный
help: вывести справку по доступным командам
ubi: update_by_id: обновить значение элемента коллекции, id которого равен заданному
info: вывести в стандартный поток вывода информацию о коллекции
group: сгруппировать элементы коллекции по значению поля creationDate, вывести количество элементов в каждой группе</content>
</Response>
2026-08-11 17:17:07.230 [main] INFO  org.example.Network.UDPServer - пользователь /127.0.0.1:57457 отправил данные
2026-08-11 17:17:07.233 [main] INFO  org.example.Network.UDPServer - выполняется запрос Command{name='help', description='null', arguments='null'}
2026-08-11 17:17:07.235 [main] INFO  org.example.Network.UDPServer - ответ отправлен пользователю /127.0.0.1:57457,содержание:<Response>
  <content>add: добавить новый элемент в коллекцию. Команда от одного аргумента - добавить по XML
от девяти аргументов - явно задать параметры, без аргументов - интерактивный режим
fsn: fstarts_with_name: вывести элементы, значение поля name которых начинается с заданной подстроки
aifm: add_if_min: добавить новый элемент в коллекцию, если его значение меньше, чем у наименьшего элемента этой коллекции
clear: очистить коллекцию
show: показать информацию о коллекции
save: сохранить коллекцию в файл
rmg: remove_greater: удалить из коллекции все элементы, превышающие заданный
execute: считать и исполнить скрипт из указанного файла. В скрипте содержатся команды в таком же виде, в котором их вводит пользователь в интерактивном режиме.
rmi: remove_by_id :удалить элемент из коллекции по его id
fcn: filter_contains_name: вывести элементы, значение поля name которых содержит заданную подстроку
rml: remove_lower: удалить из коллекции все элементы, меньшие, чем заданный
help: вывести справку по доступным командам
ubi: update_by_id: обновить значение элемента коллекции, id которого равен заданному
info: вывести в стандартный поток вывода информацию о коллекции
group: сгруппировать элементы коллекции по значению поля creationDate, вывести количество элементов в каждой группе</content>
</Response>
2026-08-11 17:17:07.235 [main] INFO  org.example.Network.UDPServer - пользователь /127.0.0.1:57457 отправил данные
2026-08-11 17:17:07.237 [main] INFO  org.example.Network.UDPServer - выполняется запрос Command{name='help', description='null', arguments='null'}
2026-08-11 17:17:07.239 [main] INFO  org.example.Network.UDPServer - ответ отправлен пользователю /127.0.0.1:57457,содержание:<Response>
  <content>add: добавить новый элемент в коллекцию. Команда от одного аргумента - добавить по XML
от девяти аргументов - явно задать параметры, без аргументов - интерактивный режим
fsn: fstarts_with_name: вывести элементы, значение поля name которых начинается с заданной подстроки
aifm: add_if_min: добавить новый элемент в коллекцию, если его значение меньше, чем у наименьшего элемента этой коллекции
clear: очистить коллекцию
show: показать информацию о коллекции
save: сохранить коллекцию в файл
rmg: remove_greater: удалить из коллекции все элементы, превышающие заданный
execute: считать и исполнить скрипт из указанного файла. В скрипте содержатся команды в таком же виде, в котором их вводит пользователь в интерактивном режиме.
rmi: remove_by_id :удалить элемент из коллекции по его id
fcn: filter_contains_name: вывести элементы, значение поля name которых содержит заданную подстроку
rml: remove_lower: удалить из коллекции все элементы, меньшие, чем заданный
help: вывести справку по доступным командам
ubi: update_by_id: обновить значение элемента коллекции, id которого равен заданному
info: вывести в стандартный поток вывода информацию о коллекции
group: сгруппировать элементы коллекции по значению поля creationDate, вывести количество элементов в каждой группе</content>
</Response>
2026-08-11 17:17:07.240 [main] INFO  org.example.Network.UDPServer - пользователь /127.0.0.1:57457 отправил данные
2026-08-11 17:17:07.241 [main] INFO  org.example.Network.UDPServer - выполняется запрос Command{name='help', description='null', arguments='null'}
2026-08-11 17:17:07.243 [main] INFO  org.example.Network.UDPServer - ответ отправлен пользователю /127.0.0.1:57457,содержание:<Response>
  <content>add: добавить новый элемент в коллекцию. Команда от одного аргумента - добавить по XML
от девяти аргументов - явно задать параметры, без аргументов - интерактивный режим
fsn: fstarts_with_name: вывести элементы, значение поля name которых начинается с заданной подстроки
aifm: add_if_min: добавить новый элемент в коллекцию, если его значение меньше, чем у наименьшего элемента этой коллекции
clear: очистить коллекцию
show: показать информацию о коллекции
save: сохранить коллекцию в файл
rmg: remove_greater: удалить из коллекции все элементы, превышающие заданный
execute: считать и исполнить скрипт из указанного файла. В скрипте содержатся команды в таком же виде, в котором их вводит пользователь в интерактивном режиме.
rmi: remove_by_id :удалить элемент из коллекции по его id
fcn: filter_contains_name: вывести элементы, значение поля name которых содержит заданную подстроку
rml: remove_lower: удалить из коллекции все элементы, меньшие, чем заданный
help: вывести справку по доступным командам
ubi: update_by_id: обновить значение элемента коллекции, id которого равен заданному
info: вывести в стандартный поток вывода информацию о коллекции
group: сгруппировать элементы коллекции по значению поля creationDate, вывести количество элементов в каждой группе</content>
</Response>
2026-08-11 17:17:07.243 [main] INFO  org.example.Network.UDPServer - пользователь /127.0.0.1:57457 отправил данные
2026-08-11 17:17:07.244 [main] INFO  org.example.Network.UDPServer - выполняется запрос Command{name='help', description='null', arguments='null'}
2026-08-11 17:17:07.246 [main] INFO  org.example.Network.UDPServer - ответ отправлен пользователю /127.0.0.1:57457,содержание:<Response>
  <content>add: добавить новый элемент в коллекцию. Команда от одного аргумента - добавить по XML
от девяти аргументов - явно задать параметры, без аргументов - интерактивный режим
fsn: fstarts_with_name: вывести элементы, значение поля name которых начинается с заданной подстроки
aifm: add_if_min: добавить новый элемент в коллекцию, если его значение меньше, чем у наименьшего элемента этой коллекции
clear: очистить коллекцию
show: показать информацию о коллекции
save: сохранить коллекцию в файл
rmg: remove_greater: удалить из коллекции все элементы, превышающие заданный
execute: считать и исполнить скрипт из указанного файла. В скрипте содержатся команды в таком же виде, в котором их вводит пользователь в интерактивном режиме.
rmi: remove_by_id :удалить элемент из коллекции по его id
fcn: filter_contains_name: вывести элементы, значение поля name которых содержит заданную подстроку
rml: remove_lower: удалить из коллекции все элементы, меньшие, чем заданный
help: вывести справку по доступным командам
ubi: update_by_id: обновить значение элемента коллекции, id которого равен заданному
info: вывести в стандартный поток вывода информацию о коллекции
group: сгруппировать элементы коллекции по значению поля creationDate, вывести количество элементов в каждой группе</content>
</Response>
2026-08-11 17:17:18.673 [main] INFO  org.example.Network.UDPServer - пользователь /127.0.0.1:49491 отправил данные
2026-08-11 17:17:18.675 [main] INFO  org.example.Network.UDPServer - выполняется запрос Command{name='help', description='null', arguments='null'}
2026-08-11 17:17:18.677 [main] INFO  org.example.Network.UDPServer - ответ отправлен пользователю /127.0.0.1:49491,содержание:<Response>
  <content>add: добавить новый элемент в коллекцию. Команда от одного аргумента - добавить по XML
от девяти аргументов - явно задать параметры, без аргументов - интерактивный режим
fsn: fstarts_with_name: вывести элементы, значение поля name которых начинается с заданной подстроки
aifm: add_if_min: добавить новый элемент в коллекцию, если его значение меньше, чем у наименьшего элемента этой коллекции
clear: очистить коллекцию
show: показать информацию о коллекции
save: сохранить коллекцию в файл
rmg: remove_greater: удалить из коллекции все элементы, превышающие заданный
execute: считать и исполнить скрипт из указанного файла. В скрипте содержатся команды в таком же виде, в котором их вводит пользователь в интерактивном режиме.
rmi: remove_by_id :удалить элемент из коллекции по его id
fcn: filter_contains_name: вывести элементы, значение поля name которых содержит заданную подстроку
rml: remove_lower: удалить из коллекции все элементы, меньшие, чем заданный
help: вывести справку по доступным командам
ubi: update_by_id: обновить значение элемента коллекции, id которого равен заданному
info: вывести в стандартный поток вывода информацию о коллекции
group: сгруппировать элементы коллекции по значению поля creationDate, вывести количество элементов в каждой группе</content>
</Response>
2026-08-11 17:17:18.678 [main] INFO  org.example.Network.UDPServer - пользователь /127.0.0.1:49491 отправил данные
2026-08-11 17:17:18.681 [main] INFO  org.example.Network.UDPServer - выполняется запрос Command{name='help', description='null', arguments='null'}
2026-08-11 17:17:18.684 [main] INFO  org.example.Network.UDPServer - ответ отправлен пользователю /127.0.0.1:49491,содержание:<Response>
  <content>add: добавить новый элемент в коллекцию. Команда от одного аргумента - добавить по XML
от девяти аргументов - явно задать параметры, без аргументов - интерактивный режим
fsn: fstarts_with_name: вывести элементы, значение поля name которых начинается с заданной подстроки
aifm: add_if_min: добавить новый элемент в коллекцию, если его значение меньше, чем у наименьшего элемента этой коллекции
clear: очистить коллекцию
show: показать информацию о коллекции
save: сохранить коллекцию в файл
rmg: remove_greater: удалить из коллекции все элементы, превышающие заданный
execute: считать и исполнить скрипт из указанного файла. В скрипте содержатся команды в таком же виде, в котором их вводит пользователь в интерактивном режиме.
rmi: remove_by_id :удалить элемент из коллекции по его id
fcn: filter_contains_name: вывести элементы, значение поля name которых содержит заданную подстроку
rml: remove_lower: удалить из коллекции все элементы, меньшие, чем заданный
help: вывести справку по доступным командам
ubi: update_by_id: обновить значение элемента коллекции, id которого равен заданному
info: вывести в стандартный поток вывода информацию о коллекции
group: сгруппировать элементы коллекции по значению поля creationDate, вывести количество элементов в каждой группе</content>
</Response>
2026-08-11 17:17:18.684 [main] INFO  org.example.Network.UDPServer - пользователь /127.0.0.1:49491 отправил данные
2026-08-11 17:17:18.686 [main] INFO  org.example.Network.UDPServer - выполняется запрос Command{name='help', description='null', arguments='null'}
2026-08-11 17:17:18.687 [main] INFO  org.example.Network.UDPServer - ответ отправлен пользователю /127.0.0.1:49491,содержание:<Response>
  <content>add: добавить новый элемент в коллекцию. Команда от одного аргумента - добавить по XML
от девяти аргументов - явно задать параметры, без аргументов - интерактивный режим
fsn: fstarts_with_name: вывести элементы, значение поля name которых начинается с заданной подстроки
aifm: add_if_min: добавить новый элемент в коллекцию, если его значение меньше, чем у наименьшего элемента этой коллекции
clear: очистить коллекцию
show: показать информацию о коллекции
save: сохранить коллекцию в файл
rmg: remove_greater: удалить из коллекции все элементы, превышающие заданный
execute: считать и исполнить скрипт из указанного файла. В скрипте содержатся команды в таком же виде, в котором их вводит пользователь в интерактивном режиме.
rmi: remove_by_id :удалить элемент из коллекции по его id
fcn: filter_contains_name: вывести элементы, значение поля name которых содержит заданную подстроку
rml: remove_lower: удалить из коллекции все элементы, меньшие, чем заданный
help: вывести справку по доступным командам
ubi: update_by_id: обновить значение элемента коллекции, id которого равен заданному
info: вывести в стандартный поток вывода информацию о коллекции
group: сгруппировать элементы коллекции по значению поля creationDate, вывести количество элементов в каждой группе</content>
</Response>
2026-08-11 17:17:18.687 [main] INFO  org.example.Network.UDPServer - пользователь /127.0.0.1:49491 отправил данные
2026-08-11 17:17:18.689 [main] INFO  org.example.Network.UDPServer - выполняется запрос Command{name='help', description='null', arguments='null'}
2026-08-11 17:17:18.690 [main] INFO  org.example.Network.UDPServer - ответ отправлен пользователю /127.0.0.1:49491,содержание:<Response>
  <content>add: добавить новый элемент в коллекцию. Команда от одного аргумента - добавить по XML
от девяти аргументов - явно задать параметры, без аргументов - интерактивный режим
fsn: fstarts_with_name: вывести элементы, значение поля name которых начинается с заданной подстроки
aifm: add_if_min: добавить новый элемент в коллекцию, если его значение меньше, чем у наименьшего элемента этой коллекции
clear: очистить коллекцию
show: показать информацию о коллекции
save: сохранить коллекцию в файл
rmg: remove_greater: удалить из коллекции все элементы, превышающие заданный
execute: считать и исполнить скрипт из указанного файла. В скрипте содержатся команды в таком же виде, в котором их вводит пользователь в интерактивном режиме.
rmi: remove_by_id :удалить элемент из коллекции по его id
fcn: filter_contains_name: вывести элементы, значение поля name которых содержит заданную подстроку
rml: remove_lower: удалить из коллекции все элементы, меньшие, чем заданный
help: вывести справку по доступным командам
ubi: update_by_id: обновить значение элемента коллекции, id которого равен заданному
info: вывести в стандартный поток вывода информацию о коллекции
group: сгруппировать элементы коллекции по значению поля creationDate, вывести количество элементов в каждой группе</content>
</Response>
2026-08-11 17:17:18.690 [main] INFO  org.example.Network.UDPServer - пользователь /127.0.0.1:49491 отправил данные
2026-08-11 17:17:18.691 [main] INFO  org.example.Network.UDPServer - выполняется запрос Command{name='help', description='null', arguments='null'}
2026-08-11 17:17:18.692 [main] INFO  org.example.Network.UDPServer - ответ отправлен пользователю /127.0.0.1:49491,содержание:<Response>
  <content>add: добавить новый элемент в коллекцию. Команда от одного аргумента - добавить по XML
от девяти аргументов - явно задать параметры, без аргументов - интерактивный режим
fsn: fstarts_with_name: вывести элементы, значение поля name которых начинается с заданной подстроки
aifm: add_if_min: добавить новый элемент в коллекцию, если его значение меньше, чем у наименьшего элемента этой коллекции
clear: очистить коллекцию
show: показать информацию о коллекции
save: сохранить коллекцию в файл
rmg: remove_greater: удалить из коллекции все элементы, превышающие заданный
execute: считать и исполнить скрипт из указанного файла. В скрипте содержатся команды в таком же виде, в котором их вводит пользователь в интерактивном режиме.
rmi: remove_by_id :удалить элемент из коллекции по его id
fcn: filter_contains_name: вывести элементы, значение поля name которых содержит заданную подстроку
rml: remove_lower: удалить из коллекции все элементы, меньшие, чем заданный
help: вывести справку по доступным командам
ubi: update_by_id: обновить значение элемента коллекции, id которого равен заданному
info: вывести в стандартный поток вывода информацию о коллекции
group: сгруппировать элементы коллекции по значению поля creationDate, вывести количество элементов в каждой группе</content>
</Response>
2026-08-11 17:21:15.576 [main] INFO  org.example.Network.UDPServer - пользователь /127.0.0.1:59130 отправил данные
2026-08-11 17:21:15.579 [main] INFO  org.example.Network.UDPServer - выполняется запрос Command{name='help', description='null', arguments='null'}
2026-08-11 17:21:15.580 [main] INFO  org.example.Network.UDPServer - ответ отправлен пользователю /127.0.0.1:59130,содержание:<Response>
  <content>add: добавить новый элемент в коллекцию. Команда от одного аргумента - добавить по XML
от девяти аргументов - явно задать параметры, без аргументов - интерактивный режим
fsn: fstarts_with_name: вывести элементы, значение поля name которых начинается с заданной подстроки
aifm: add_if_min: добавить новый элемент в коллекцию, если его значение меньше, чем у наименьшего элемента этой коллекции
clear: очистить коллекцию
show: показать информацию о коллекции
save: сохранить коллекцию в файл
rmg: remove_greater: удалить из коллекции все элементы, превышающие заданный
execute: считать и исполнить скрипт из указанного файла. В скрипте содержатся команды в таком же виде, в котором их вводит пользователь в интерактивном режиме.
rmi: remove_by_id :удалить элемент из коллекции по его id
fcn: filter_contains_name: вывести элементы, значение поля name которых содержит заданную подстроку
rml: remove_lower: удалить из коллекции все элементы, меньшие, чем заданный
help: вывести справку по доступным командам
ubi: update_by_id: обновить значение элемента коллекции, id которого равен заданному
info: вывести в стандартный поток вывода информацию о коллекции
group: сгруппировать элементы коллекции по значению поля creationDate, вывести количество элементов в каждой группе</content>
</Response>
2026-08-11 17:21:15.581 [main] INFO  org.example.Network.UDPServer - пользователь /127.0.0.1:59130 отправил данные
2026-08-11 17:21:15.583 [main] INFO  org.example.Network.UDPServer - выполняется запрос Command{name='help', description='null', arguments='null'}
2026-08-11 17:21:15.584 [main] INFO  org.example.Network.UDPServer - ответ отправлен пользователю /127.0.0.1:59130,содержание:<Response>
  <content>add: добавить новый элемент в коллекцию. Команда от одного аргумента - добавить по XML
от девяти аргументов - явно задать параметры, без аргументов - интерактивный режим
fsn: fstarts_with_name: вывести элементы, значение поля name которых начинается с заданной подстроки
aifm: add_if_min: добавить новый элемент в коллекцию, если его значение меньше, чем у наименьшего элемента этой коллекции
clear: очистить коллекцию
show: показать информацию о коллекции
save: сохранить коллекцию в файл
rmg: remove_greater: удалить из коллекции все элементы, превышающие заданный
execute: считать и исполнить скрипт из указанного файла. В скрипте содержатся команды в таком же виде, в котором их вводит пользователь в интерактивном режиме.
rmi: remove_by_id :удалить элемент из коллекции по его id
fcn: filter_contains_name: вывести элементы, значение поля name которых содержит заданную подстроку
rml: remove_lower: удалить из коллекции все элементы, меньшие, чем заданный
help: вывести справку по доступным командам
ubi: update_by_id: обновить значение элемента коллекции, id которого равен заданному
info: вывести в стандартный поток вывода информацию о коллекции
group: сгруппировать элементы коллекции по значению поля creationDate, вывести количество элементов в каждой группе</content>
</Response>
2026-08-11 17:21:15.585 [main] INFO  org.example.Network.UDPServer - пользователь /127.0.0.1:59130 отправил данные
2026-08-11 17:21:15.587 [main] INFO  org.example.Network.UDPServer - выполняется запрос Command{name='help', description='null', arguments='null'}
2026-08-11 17:21:15.589 [main] INFO  org.example.Network.UDPServer - ответ отправлен пользователю /127.0.0.1:59130,содержание:<Response>
  <content>add: добавить новый элемент в коллекцию. Команда от одного аргумента - добавить по XML
от девяти аргументов - явно задать параметры, без аргументов - интерактивный режим
fsn: fstarts_with_name: вывести элементы, значение поля name которых начинается с заданной подстроки
aifm: add_if_min: добавить новый элемент в коллекцию, если его значение меньше, чем у наименьшего элемента этой коллекции
clear: очистить коллекцию
show: показать информацию о коллекции
save: сохранить коллекцию в файл
rmg: remove_greater: удалить из коллекции все элементы, превышающие заданный
execute: считать и исполнить скрипт из указанного файла. В скрипте содержатся команды в таком же виде, в котором их вводит пользователь в интерактивном режиме.
rmi: remove_by_id :удалить элемент из коллекции по его id
fcn: filter_contains_name: вывести элементы, значение поля name которых содержит заданную подстроку
rml: remove_lower: удалить из коллекции все элементы, меньшие, чем заданный
help: вывести справку по доступным командам
ubi: update_by_id: обновить значение элемента коллекции, id которого равен заданному
info: вывести в стандартный поток вывода информацию о коллекции
group: сгруппировать элементы коллекции по значению поля creationDate, вывести количество элементов в каждой группе</content>
</Response>
2026-08-11 17:21:15.589 [main] INFO  org.example.Network.UDPServer - пользователь /127.0.0.1:59130 отправил данные
2026-08-11 17:21:15.592 [main] INFO  org.example.Network.UDPServer - выполняется запрос Command{name='help', description='null', arguments='null'}
2026-08-11 17:21:15.595 [main] INFO  org.example.Network.UDPServer - ответ отправлен пользователю /127.0.0.1:59130,содержание:<Response>
  <content>add: добавить новый элемент в коллекцию. Команда от одного аргумента - добавить по XML
от девяти аргументов - явно задать параметры, без аргументов - интерактивный режим
fsn: fstarts_with_name: вывести элементы, значение поля name которых начинается с заданной подстроки
aifm: add_if_min: добавить новый элемент в коллекцию, если его значение меньше, чем у наименьшего элемента этой коллекции
clear: очистить коллекцию
show: показать информацию о коллекции
save: сохранить коллекцию в файл
rmg: remove_greater: удалить из коллекции все элементы, превышающие заданный
execute: считать и исполнить скрипт из указанного файла. В скрипте содержатся команды в таком же виде, в котором их вводит пользователь в интерактивном режиме.
rmi: remove_by_id :удалить элемент из коллекции по его id
fcn: filter_contains_name: вывести элементы, значение поля name которых содержит заданную подстроку
rml: remove_lower: удалить из коллекции все элементы, меньшие, чем заданный
help: вывести справку по доступным командам
ubi: update_by_id: обновить значение элемента коллекции, id которого равен заданному
info: вывести в стандартный поток вывода информацию о коллекции
group: сгруппировать элементы коллекции по значению поля creationDate, вывести количество элементов в каждой группе</content>
</Response>
2026-08-11 17:21:15.595 [main] INFO  org.example.Network.UDPServer - пользователь /127.0.0.1:59130 отправил данные
2026-08-11 17:21:15.596 [main] INFO  org.example.Network.UDPServer - выполняется запрос Command{name='help', description='null', arguments='null'}
2026-08-11 17:21:15.597 [main] INFO  org.example.Network.UDPServer - ответ отправлен пользователю /127.0.0.1:59130,содержание:<Response>
  <content>add: добавить новый элемент в коллекцию. Команда от одного аргумента - добавить по XML
от девяти аргументов - явно задать параметры, без аргументов - интерактивный режим
fsn: fstarts_with_name: вывести элементы, значение поля name которых начинается с заданной подстроки
aifm: add_if_min: добавить новый элемент в коллекцию, если его значение меньше, чем у наименьшего элемента этой коллекции
clear: очистить коллекцию
show: показать информацию о коллекции
save: сохранить коллекцию в файл
rmg: remove_greater: удалить из коллекции все элементы, превышающие заданный
execute: считать и исполнить скрипт из указанного файла. В скрипте содержатся команды в таком же виде, в котором их вводит пользователь в интерактивном режиме.
rmi: remove_by_id :удалить элемент из коллекции по его id
fcn: filter_contains_name: вывести элементы, значение поля name которых содержит заданную подстроку
rml: remove_lower: удалить из коллекции все элементы, меньшие, чем заданный
help: вывести справку по доступным командам
ubi: update_by_id: обновить значение элемента коллекции, id которого равен заданному
info: вывести в стандартный поток вывода информацию о коллекции
group: сгруппировать элементы коллекции по значению поля creationDate, вывести количество элементов в каждой группе</content>
</Response>
2026-08-11 23:39:26.614 [Thread-0] INFO  org.example.Server - сервер прекратил работу
2026-08-18 14:59:29.539 [main] INFO  org.example.Network.UDPServer - Сервер запущен на порту 24868
2026-08-18 14:59:34.671 [main] INFO  org.example.Network.UDPServer - пользователь /127.0.0.1:58889 отправил данные
2026-08-18 14:59:34.829 [Thread-0] INFO  org.example.Server - сервер прекратил работу
2026-08-18 15:09:29.303 [main] INFO  org.example.Network.UDPServer - Сервер запущен на порту 24868
2026-08-18 15:11:37.089 [main] INFO  org.example.Network.UDPServer - пользователь /127.0.0.1:60270 отправил данные
2026-08-18 15:11:37.281 [Thread-0] INFO  org.example.Server - сервер прекратил работу
2026-08-18 15:19:54.533 [main] INFO  org.example.Network.UDPServer - Сервер запущен на порту 24868
2026-08-18 15:20:04.142 [main] INFO  org.example.Network.UDPServer - пользователь /127.0.0.1:60980 отправил данные
2026-08-18 15:20:04.268 [Thread-0] INFO  org.example.Server - сервер прекратил работу
2026-08-18 15:37:34.352 [main] INFO  org.example.Network.UDPServer - Сервер запущен на порту 24868
2026-08-18 15:37:38.638 [main] INFO  org.example.Network.UDPServer - пользователь /127.0.0.1:35939 отправил данные
2026-08-18 15:37:38.762 [main] INFO  org.example.Network.UDPServer - выполняется запрос Command{name='help', description='null', arguments='null'}
2026-08-18 15:37:38.767 [main] INFO  org.example.Network.UDPServer - ответ отправлен пользователю /127.0.0.1:35939,содержание:<Response>
  <content>add: добавить новый элемент в коллекцию. Команда от одного аргумента - добавить по XML
от девяти аргументов - явно задать параметры, без аргументов - интерактивный режим
fsn: fstarts_with_name: вывести элементы, значение поля name которых начинается с заданной подстроки
aifm: add_if_min: добавить новый элемент в коллекцию, если его значение меньше, чем у наименьшего элемента этой коллекции
clear: очистить коллекцию
show: показать информацию о коллекции
save: сохранить коллекцию в файл
rmg: remove_greater: удалить из коллекции все элементы, превышающие заданный
execute: считать и исполнить скрипт из указанного файла. В скрипте содержатся команды в таком же виде, в котором их вводит пользователь в интерактивном режиме.
rmi: remove_by_id :удалить элемент из коллекции по его id
fcn: filter_contains_name: вывести элементы, значение поля name которых содержит заданную подстроку
rml: remove_lower: удалить из коллекции все элементы, меньшие, чем заданный
help: вывести справку по доступным командам
ubi: update_by_id: обновить значение элемента коллекции, id которого равен заданному
info: вывести в стандартный поток вывода информацию о коллекции
group: сгруппировать элементы коллекции по значению поля creationDate, вывести количество элементов в каждой группе</content>
</Response>
2026-08-18 15:37:38.768 [main] INFO  org.example.Network.UDPServer - пользователь /127.0.0.1:35939 отправил данные
2026-08-18 15:37:38.770 [main] INFO  org.example.Network.UDPServer - выполняется запрос Command{name='help', description='null', arguments='null'}
2026-08-18 15:37:38.772 [main] INFO  org.example.Network.UDPServer - ответ отправлен пользователю /127.0.0.1:35939,содержание:<Response>
  <content>add: добавить новый элемент в коллекцию. Команда от одного аргумента - добавить по XML
от девяти аргументов - явно задать параметры, без аргументов - интерактивный режим
fsn: fstarts_with_name: вывести элементы, значение поля name которых начинается с заданной подстроки
aifm: add_if_min: добавить новый элемент в коллекцию, если его значение меньше, чем у наименьшего элемента этой коллекции
clear: очистить коллекцию
show: показать информацию о коллекции
save: сохранить коллекцию в файл
rmg: remove_greater: удалить из коллекции все элементы, превышающие заданный
execute: считать и исполнить скрипт из указанного файла. В скрипте содержатся команды в таком же виде, в котором их вводит пользователь в интерактивном режиме.
rmi: remove_by_id :удалить элемент из коллекции по его id
fcn: filter_contains_name: вывести элементы, значение поля name которых содержит заданную подстроку
rml: remove_lower: удалить из коллекции все элементы, меньшие, чем заданный
help: вывести справку по доступным командам
ubi: update_by_id: обновить значение элемента коллекции, id которого равен заданному
info: вывести в стандартный поток вывода информацию о коллекции
group: сгруппировать элементы коллекции по значению поля creationDate, вывести количество элементов в каждой группе</content>
</Response>
2026-08-18 15:37:38.772 [main] INFO  org.example.Network.UDPServer - пользователь /127.0.0.1:35939 отправил данные
2026-08-18 15:37:38.774 [main] INFO  org.example.Network.UDPServer - выполняется запрос Command{name='help', description='null', arguments='null'}
2026-08-18 15:37:38.775 [main] INFO  org.example.Network.UDPServer - ответ отправлен пользователю /127.0.0.1:35939,содержание:<Response>
  <content>add: добавить новый элемент в коллекцию. Команда от одного аргумента - добавить по XML
от девяти аргументов - явно задать параметры, без аргументов - интерактивный режим
fsn: fstarts_with_name: вывести элементы, значение поля name которых начинается с заданной подстроки
aifm: add_if_min: добавить новый элемент в коллекцию, если его значение меньше, чем у наименьшего элемента этой коллекции
clear: очистить коллекцию
show: показать информацию о коллекции
save: сохранить коллекцию в файл
rmg: remove_greater: удалить из коллекции все элементы, превышающие заданный
execute: считать и исполнить скрипт из указанного файла. В скрипте содержатся команды в таком же виде, в котором их вводит пользователь в интерактивном режиме.
rmi: remove_by_id :удалить элемент из коллекции по его id
fcn: filter_contains_name: вывести элементы, значение поля name которых содержит заданную подстроку
rml: remove_lower: удалить из коллекции все элементы, меньшие, чем заданный
help: вывести справку по доступным командам
ubi: update_by_id: обновить значение элемента коллекции, id которого равен заданному
info: вывести в стандартный поток вывода информацию о коллекции
group: сгруппировать элементы коллекции по значению поля creationDate, вывести количество элементов в каждой группе</content>
</Response>
2026-08-18 15:37:38.776 [main] INFO  org.example.Network.UDPServer - пользователь /127.0.0.1:35939 отправил данные
2026-08-18 15:37:38.777 [main] INFO  org.example.Network.UDPServer - выполняется запрос Command{name='help', description='null', arguments='null'}
2026-08-18 15:37:38.779 [main] INFO  org.example.Network.UDPServer - ответ отправлен пользователю /127.0.0.1:35939,содержание:<Response>
  <content>add: добавить новый элемент в коллекцию. Команда от одного аргумента - добавить по XML
от девяти аргументов - явно задать параметры, без аргументов - интерактивный режим
fsn: fstarts_with_name: вывести элементы, значение поля name которых начинается с заданной подстроки
aifm: add_if_min: добавить новый элемент в коллекцию, если его значение меньше, чем у наименьшего элемента этой коллекции
clear: очистить коллекцию
show: показать информацию о коллекции
save: сохранить коллекцию в файл
rmg: remove_greater: удалить из коллекции все элементы, превышающие заданный
execute: считать и исполнить скрипт из указанного файла. В скрипте содержатся команды в таком же виде, в котором их вводит пользователь в интерактивном режиме.
rmi: remove_by_id :удалить элемент из коллекции по его id
fcn: filter_contains_name: вывести элементы, значение поля name которых содержит заданную подстроку
rml: remove_lower: удалить из коллекции все элементы, меньшие, чем заданный
help: вывести справку по доступным командам
ubi: update_by_id: обновить значение элемента коллекции, id которого равен заданному
info: вывести в стандартный поток вывода информацию о коллекции
group: сгруппировать элементы коллекции по значению поля creationDate, вывести количество элементов в каждой группе</content>
</Response>
2026-08-18 15:37:38.780 [main] INFO  org.example.Network.UDPServer - пользователь /127.0.0.1:35939 отправил данные
2026-08-18 15:37:38.781 [main] INFO  org.example.Network.UDPServer - выполняется запрос Command{name='help', description='null', arguments='null'}
2026-08-18 15:37:38.783 [main] INFO  org.example.Network.UDPServer - ответ отправлен пользователю /127.0.0.1:35939,содержание:<Response>
  <content>add: добавить новый элемент в коллекцию. Команда от одного аргумента - добавить по XML
от девяти аргументов - явно задать параметры, без аргументов - интерактивный режим
fsn: fstarts_with_name: вывести элементы, значение поля name которых начинается с заданной подстроки
aifm: add_if_min: добавить новый элемент в коллекцию, если его значение меньше, чем у наименьшего элемента этой коллекции
clear: очистить коллекцию
show: показать информацию о коллекции
save: сохранить коллекцию в файл
rmg: remove_greater: удалить из коллекции все элементы, превышающие заданный
execute: считать и исполнить скрипт из указанного файла. В скрипте содержатся команды в таком же виде, в котором их вводит пользователь в интерактивном режиме.
rmi: remove_by_id :удалить элемент из коллекции по его id
fcn: filter_contains_name: вывести элементы, значение поля name которых содержит заданную подстроку
rml: remove_lower: удалить из коллекции все элементы, меньшие, чем заданный
help: вывести справку по доступным командам
ubi: update_by_id: обновить значение элемента коллекции, id которого равен заданному
info: вывести в стандартный поток вывода информацию о коллекции
group: сгруппировать элементы коллекции по значению поля creationDate, вывести количество элементов в каждой группе</content>
</Response>
2026-08-18 15:55:14.051 [Thread-0] INFO  org.example.Server - сервер прекратил работу
2026-08-28 16:48:51.826 [main] INFO  org.example.Network.UDPServer - Сервер запущен на порту 24868
2026-08-28 16:49:00.959 [main] INFO  org.example.Network.UDPServer - пользователь /127.0.0.1:56350 отправил данные
2026-08-28 16:49:01.197 [main] INFO  org.example.Network.UDPServer - выполняется запрос Command{name='help', description='null', arguments='null'}
2026-08-28 16:49:01.210 [main] INFO  org.example.Network.UDPServer - ответ отправлен пользователю /127.0.0.1:56350,содержание:<Response>
  <content>add: добавить новый элемент в коллекцию. Команда от одного аргумента - добавить по XML
от девяти аргументов - явно задать параметры, без аргументов - интерактивный режим
fsn: fstarts_with_name: вывести элементы, значение поля name которых начинается с заданной подстроки
aifm: add_if_min: добавить новый элемент в коллекцию, если его значение меньше, чем у наименьшего элемента этой коллекции
clear: очистить коллекцию
show: показать информацию о коллекции
save: сохранить коллекцию в файл
rmg: remove_greater: удалить из коллекции все элементы, превышающие заданный
execute: считать и исполнить скрипт из указанного файла. В скрипте содержатся команды в таком же виде, в котором их вводит пользователь в интерактивном режиме.
rmi: remove_by_id :удалить элемент из коллекции по его id
fcn: filter_contains_name: вывести элементы, значение поля name которых содержит заданную подстроку
rml: remove_lower: удалить из коллекции все элементы, меньшие, чем заданный
help: вывести справку по доступным командам
ubi: update_by_id: обновить значение элемента коллекции, id которого равен заданному
info: вывести в стандартный поток вывода информацию о коллекции
group: сгруппировать элементы коллекции по значению поля creationDate, вывести количество элементов в каждой группе</content>
</Response>
2026-08-28 16:49:01.211 [main] INFO  org.example.Network.UDPServer - пользователь /127.0.0.1:56350 отправил данные
2026-08-28 16:49:01.215 [main] INFO  org.example.Network.UDPServer - выполняется запрос Command{name='help', description='null', arguments='null'}
2026-08-28 16:49:01.221 [main] INFO  org.example.Network.UDPServer - ответ отправлен пользователю /127.0.0.1:56350,содержание:<Response>
  <content>add: добавить новый элемент в коллекцию. Команда от одного аргумента - добавить по XML
от девяти аргументов - явно задать параметры, без аргументов - интерактивный режим
fsn: fstarts_with_name: вывести элементы, значение поля name которых начинается с заданной подстроки
aifm: add_if_min: добавить новый элемент в коллекцию, если его значение меньше, чем у наименьшего элемента этой коллекции
clear: очистить коллекцию
show: показать информацию о коллекции
save: сохранить коллекцию в файл
rmg: remove_greater: удалить из коллекции все элементы, превышающие заданный
execute: считать и исполнить скрипт из указанного файла. В скрипте содержатся команды в таком же виде, в котором их вводит пользователь в интерактивном режиме.
rmi: remove_by_id :удалить элемент из коллекции по его id
fcn: filter_contains_name: вывести элементы, значение поля name которых содержит заданную подстроку
rml: remove_lower: удалить из коллекции все элементы, меньшие, чем заданный
help: вывести справку по доступным командам
ubi: update_by_id: обновить значение элемента коллекции, id которого равен заданному
info: вывести в стандартный поток вывода информацию о коллекции
group: сгруппировать элементы коллекции по значению поля creationDate, вывести количество элементов в каждой группе</content>
</Response>
2026-08-28 16:49:01.221 [main] INFO  org.example.Network.UDPServer - пользователь /127.0.0.1:56350 отправил данные
2026-08-28 16:49:01.226 [main] INFO  org.example.Network.UDPServer - выполняется запрос Command{name='help', description='null', arguments='null'}
2026-08-28 16:49:01.230 [main] INFO  org.example.Network.UDPServer - ответ отправлен пользователю /127.0.0.1:56350,содержание:<Response>
  <content>add: добавить новый элемент в коллекцию. Команда от одного аргумента - добавить по XML
от девяти аргументов - явно задать параметры, без аргументов - интерактивный режим
fsn: fstarts_with_name: вывести элементы, значение поля name которых начинается с заданной подстроки
aifm: add_if_min: добавить новый элемент в коллекцию, если его значение меньше, чем у наименьшего элемента этой коллекции
clear: очистить коллекцию
show: показать информацию о коллекции
save: сохранить коллекцию в файл
rmg: remove_greater: удалить из коллекции все элементы, превышающие заданный
execute: считать и исполнить скрипт из указанного файла. В скрипте содержатся команды в таком же виде, в котором их вводит пользователь в интерактивном режиме.
rmi: remove_by_id :удалить элемент из коллекции по его id
fcn: filter_contains_name: вывести элементы, значение поля name которых содержит заданную подстроку
rml: remove_lower: удалить из коллекции все элементы, меньшие, чем заданный
help: вывести справку по доступным командам
ubi: update_by_id: обновить значение элемента коллекции, id которого равен заданному
info: вывести в стандартный поток вывода информацию о коллекции
group: сгруппировать элементы коллекции по значению поля creationDate, вывести количество элементов в каждой группе</content>
</Response>
2026-08-28 16:49:01.231 [main] INFO  org.example.Network.UDPServer - пользователь /127.0.0.1:56350 отправил данные
2026-08-28 16:49:01.235 [main] INFO  org.example.Network.UDPServer - выполняется запрос Command{name='help', description='null', arguments='null'}
2026-08-28 16:49:01.237 [main] INFO  org.example.Network.UDPServer - ответ отправлен пользователю /127.0.0.1:56350,содержание:<Response>
  <content>add: добавить новый элемент в коллекцию. Команда от одного аргумента - добавить по XML
от девяти аргументов - явно задать параметры, без аргументов - интерактивный режим
fsn: fstarts_with_name: вывести элементы, значение поля name которых начинается с заданной подстроки
aifm: add_if_min: добавить новый элемент в коллекцию, если его значение меньше, чем у наименьшего элемента этой коллекции
clear: очистить коллекцию
show: показать информацию о коллекции
save: сохранить коллекцию в файл
rmg: remove_greater: удалить из коллекции все элементы, превышающие заданный
execute: считать и исполнить скрипт из указанного файла. В скрипте содержатся команды в таком же виде, в котором их вводит пользователь в интерактивном режиме.
rmi: remove_by_id :удалить элемент из коллекции по его id
fcn: filter_contains_name: вывести элементы, значение поля name которых содержит заданную подстроку
rml: remove_lower: удалить из коллекции все элементы, меньшие, чем заданный
help: вывести справку по доступным командам
ubi: update_by_id: обновить значение элемента коллекции, id которого равен заданному
info: вывести в стандартный поток вывода информацию о коллекции
group: сгруппировать элементы коллекции по значению поля creationDate, вывести количество элементов в каждой группе</content>
</Response>
2026-08-28 16:49:01.238 [main] INFO  org.example.Network.UDPServer - пользователь /127.0.0.1:56350 отправил данные
2026-08-28 16:49:01.240 [main] INFO  org.example.Network.UDPServer - выполняется запрос Command{name='help', description='null', arguments='null'}
2026-08-28 16:49:01.242 [main] INFO  org.example.Network.UDPServer - ответ отправлен пользователю /127.0.0.1:56350,содержание:<Response>
  <content>add: добавить новый элемент в коллекцию. Команда от одного аргумента - добавить по XML
от девяти аргументов - явно задать параметры, без аргументов - интерактивный режим
fsn: fstarts_with_name: вывести элементы, значение поля name которых начинается с заданной подстроки
aifm: add_if_min: добавить новый элемент в коллекцию, если его значение меньше, чем у наименьшего элемента этой коллекции
clear: очистить коллекцию
show: показать информацию о коллекции
save: сохранить коллекцию в файл
rmg: remove_greater: удалить из коллекции все элементы, превышающие заданный
execute: считать и исполнить скрипт из указанного файла. В скрипте содержатся команды в таком же виде, в котором их вводит пользователь в интерактивном режиме.
rmi: remove_by_id :удалить элемент из коллекции по его id
fcn: filter_contains_name: вывести элементы, значение поля name которых содержит заданную подстроку
rml: remove_lower: удалить из коллекции все элементы, меньшие, чем заданный
help: вывести справку по доступным командам
ubi: update_by_id: обновить значение элемента коллекции, id которого равен заданному
info: вывести в стандартный поток вывода информацию о коллекции
group: сгруппировать элементы коллекции по значению поля creationDate, вывести количество элементов в каждой группе</content>
</Response>
2026-08-28 16:53:15.505 [main] INFO  org.example.Network.UDPServer - пользователь /127.0.0.1:34470 отправил данные
2026-08-28 16:53:15.511 [main] INFO  org.example.Network.UDPServer - выполняется запрос Command{name='help', description='null', arguments='null'}
2026-08-28 16:53:15.515 [main] INFO  org.example.Network.UDPServer - ответ отправлен пользователю /127.0.0.1:34470,содержание:<Response>
  <content>add: добавить новый элемент в коллекцию. Команда от одного аргумента - добавить по XML
от девяти аргументов - явно задать параметры, без аргументов - интерактивный режим
fsn: fstarts_with_name: вывести элементы, значение поля name которых начинается с заданной подстроки
aifm: add_if_min: добавить новый элемент в коллекцию, если его значение меньше, чем у наименьшего элемента этой коллекции
clear: очистить коллекцию
show: показать информацию о коллекции
save: сохранить коллекцию в файл
rmg: remove_greater: удалить из коллекции все элементы, превышающие заданный
execute: считать и исполнить скрипт из указанного файла. В скрипте содержатся команды в таком же виде, в котором их вводит пользователь в интерактивном режиме.
rmi: remove_by_id :удалить элемент из коллекции по его id
fcn: filter_contains_name: вывести элементы, значение поля name которых содержит заданную подстроку
rml: remove_lower: удалить из коллекции все элементы, меньшие, чем заданный
help: вывести справку по доступным командам
ubi: update_by_id: обновить значение элемента коллекции, id которого равен заданному
info: вывести в стандартный поток вывода информацию о коллекции
group: сгруппировать элементы коллекции по значению поля creationDate, вывести количество элементов в каждой группе</content>
</Response>
2026-08-28 16:53:15.518 [main] INFO  org.example.Network.UDPServer - пользователь /127.0.0.1:34470 отправил данные
2026-08-28 16:53:15.522 [main] INFO  org.example.Network.UDPServer - выполняется запрос Command{name='help', description='null', arguments='null'}
2026-08-28 16:53:15.525 [main] INFO  org.example.Network.UDPServer - ответ отправлен пользователю /127.0.0.1:34470,содержание:<Response>
  <content>add: добавить новый элемент в коллекцию. Команда от одного аргумента - добавить по XML
от девяти аргументов - явно задать параметры, без аргументов - интерактивный режим
fsn: fstarts_with_name: вывести элементы, значение поля name которых начинается с заданной подстроки
aifm: add_if_min: добавить новый элемент в коллекцию, если его значение меньше, чем у наименьшего элемента этой коллекции
clear: очистить коллекцию
show: показать информацию о коллекции
save: сохранить коллекцию в файл
rmg: remove_greater: удалить из коллекции все элементы, превышающие заданный
execute: считать и исполнить скрипт из указанного файла. В скрипте содержатся команды в таком же виде, в котором их вводит пользователь в интерактивном режиме.
rmi: remove_by_id :удалить элемент из коллекции по его id
fcn: filter_contains_name: вывести элементы, значение поля name которых содержит заданную подстроку
rml: remove_lower: удалить из коллекции все элементы, меньшие, чем заданный
help: вывести справку по доступным командам
ubi: update_by_id: обновить значение элемента коллекции, id которого равен заданному
info: вывести в стандартный поток вывода информацию о коллекции
group: сгруппировать элементы коллекции по значению поля creationDate, вывести количество элементов в каждой группе</content>
</Response>
2026-08-28 16:53:15.526 [main] INFO  org.example.Network.UDPServer - пользователь /127.0.0.1:34470 отправил данные
2026-08-28 16:53:15.530 [main] INFO  org.example.Network.UDPServer - выполняется запрос Command{name='help', description='null', arguments='null'}
2026-08-28 16:53:15.540 [main] INFO  org.example.Network.UDPServer - ответ отправлен пользователю /127.0.0.1:34470,содержание:<Response>
  <content>add: добавить новый элемент в коллекцию. Команда от одного аргумента - добавить по XML
от девяти аргументов - явно задать параметры, без аргументов - интерактивный режим
fsn: fstarts_with_name: вывести элементы, значение поля name которых начинается с заданной подстроки
aifm: add_if_min: добавить новый элемент в коллекцию, если его значение меньше, чем у наименьшего элемента этой коллекции
clear: очистить коллекцию
show: показать информацию о коллекции
save: сохранить коллекцию в файл
rmg: remove_greater: удалить из коллекции все элементы, превышающие заданный
execute: считать и исполнить скрипт из указанного файла. В скрипте содержатся команды в таком же виде, в котором их вводит пользователь в интерактивном режиме.
rmi: remove_by_id :удалить элемент из коллекции по его id
fcn: filter_contains_name: вывести элементы, значение поля name которых содержит заданную подстроку
rml: remove_lower: удалить из коллекции все элементы, меньшие, чем заданный
help: вывести справку по доступным командам
ubi: update_by_id: обновить значение элемента коллекции, id которого равен заданному
info: вывести в стандартный поток вывода информацию о коллекции
group: сгруппировать элементы коллекции по значению поля creationDate, вывести количество элементов в каждой группе</content>
</Response>
2026-08-28 16:53:15.541 [main] INFO  org.example.Network.UDPServer - пользователь /127.0.0.1:34470 отправил данные
2026-08-28 16:53:15.544 [main] INFO  org.example.Network.UDPServer - выполняется запрос Command{name='help', description='null', arguments='null'}
2026-08-28 16:53:15.546 [main] INFO  org.example.Network.UDPServer - ответ отправлен пользователю /127.0.0.1:34470,содержание:<Response>
  <content>add: добавить новый элемент в коллекцию. Команда от одного аргумента - добавить по XML
от девяти аргументов - явно задать параметры, без аргументов - интерактивный режим
fsn: fstarts_with_name: вывести элементы, значение поля name которых начинается с заданной подстроки
aifm: add_if_min: добавить новый элемент в коллекцию, если его значение меньше, чем у наименьшего элемента этой коллекции
clear: очистить коллекцию
show: показать информацию о коллекции
save: сохранить коллекцию в файл
rmg: remove_greater: удалить из коллекции все элементы, превышающие заданный
execute: считать и исполнить скрипт из указанного файла. В скрипте содержатся команды в таком же виде, в котором их вводит пользователь в интерактивном режиме.
rmi: remove_by_id :удалить элемент из коллекции по его id
fcn: filter_contains_name: вывести элементы, значение поля name которых содержит заданную подстроку
rml: remove_lower: удалить из коллекции все элементы, меньшие, чем заданный
help: вывести справку по доступным командам
ubi: update_by_id: обновить значение элемента коллекции, id которого равен заданному
info: вывести в стандартный поток вывода информацию о коллекции
group: сгруппировать элементы коллекции по значению поля creationDate, вывести количество элементов в каждой группе</content>
</Response>
2026-08-28 16:53:15.546 [main] INFO  org.example.Network.UDPServer - пользователь /127.0.0.1:34470 отправил данные
2026-08-28 16:53:15.548 [main] INFO  org.example.Network.UDPServer - выполняется запрос Command{name='help', description='null', arguments='null'}
2026-08-28 16:53:15.549 [main] INFO  org.example.Network.UDPServer - ответ отправлен пользователю /127.0.0.1:34470,содержание:<Response>
  <content>add: добавить новый элемент в коллекцию. Команда от одного аргумента - добавить по XML
от девяти аргументов - явно задать параметры, без аргументов - интерактивный режим
fsn: fstarts_with_name: вывести элементы, значение поля name которых начинается с заданной подстроки
aifm: add_if_min: добавить новый элемент в коллекцию, если его значение меньше, чем у наименьшего элемента этой коллекции
clear: очистить коллекцию
show: показать информацию о коллекции
save: сохранить коллекцию в файл
rmg: remove_greater: удалить из коллекции все элементы, превышающие заданный
execute: считать и исполнить скрипт из указанного файла. В скрипте содержатся команды в таком же виде, в котором их вводит пользователь в интерактивном режиме.
rmi: remove_by_id :удалить элемент из коллекции по его id
fcn: filter_contains_name: вывести элементы, значение поля name которых содержит заданную подстроку
rml: remove_lower: удалить из коллекции все элементы, меньшие, чем заданный
help: вывести справку по доступным командам
ubi: update_by_id: обновить значение элемента коллекции, id которого равен заданному
info: вывести в стандартный поток вывода информацию о коллекции
group: сгруппировать элементы коллекции по значению поля creationDate, вывести количество элементов в каждой группе</content>
</Response>
2026-08-28 19:43:55.541 [Thread-0] INFO  org.example.Server - сервер прекратил работу
2026-08-28 19:43:58.607 [main] INFO  org.example.Network.UDPServer - Сервер запущен на порту 24868
2026-08-28 19:44:05.071 [main] INFO  org.example.Network.UDPServer - пользователь /127.0.0.1:43206 отправил данные
2026-08-28 19:44:05.309 [main] INFO  org.example.Network.UDPServer - выполняется запрос Command{name='help', description='null', arguments='null'}
2026-08-28 19:44:05.319 [main] INFO  org.example.Network.UDPServer - RESPONSE: <Request>
  <command>
    <name>help</name>
  </command>
</Request>
2026-08-28 19:44:05.322 [main] INFO  org.example.Network.UDPServer - пользователь /127.0.0.1:43206 отправил данные
2026-08-28 19:44:05.325 [main] INFO  org.example.Network.UDPServer - выполняется запрос Command{name='help', description='null', arguments='null'}
2026-08-28 19:44:05.329 [main] INFO  org.example.Network.UDPServer - RESPONSE: <Request>
  <command>
    <name>help</name>
  </command>
</Request>                                                                   
2026-08-28 19:44:05.330 [main] INFO  org.example.Network.UDPServer - пользователь /127.0.0.1:43206 отправил данные
2026-08-28 19:44:05.335 [main] INFO  org.example.Network.UDPServer - выполняется запрос Command{name='help', description='null', arguments='null'}
2026-08-28 19:44:05.338 [main] INFO  org.example.Network.UDPServer - RESPONSE: <Request>
  <command>
    <name>help</name>
  </command>
</Request>                                                                                                                                      
2026-08-28 19:44:05.339 [main] INFO  org.example.Network.UDPServer - пользователь /127.0.0.1:43206 отправил данные
2026-08-28 19:44:05.342 [main] INFO  org.example.Network.UDPServer - выполняется запрос Command{name='help', description='null', arguments='null'}
2026-08-28 19:44:05.347 [main] INFO  org.example.Network.UDPServer - RESPONSE: <Request>
  <command>
    <name>help</name>
  </command>
</Request>                                                                                                                                                                                                         
2026-08-28 19:44:05.347 [main] INFO  org.example.Network.UDPServer - пользователь /127.0.0.1:43206 отправил данные
2026-08-28 19:44:05.350 [main] INFO  org.example.Network.UDPServer - выполняется запрос Command{name='help', description='null', arguments='null'}
2026-08-28 19:44:05.352 [main] INFO  org.example.Network.UDPServer - RESPONSE: <Request>
  <command>
    <name>help</name>
  </command>
</Request>                                                                                                                                                                                                                                                                            
2026-08-28 19:44:33.277 [Thread-0] INFO  org.example.Server - сервер прекратил работу
2026-08-28 19:44:35.990 [main] INFO  org.example.Network.UDPServer - Сервер запущен на порту 24868
2026-08-28 19:44:38.719 [main] INFO  org.example.Network.UDPServer - пользователь /127.0.0.1:43206 отправил данные
2026-08-28 19:44:38.996 [main] INFO  org.example.Network.UDPServer - выполняется запрос Command{name='help', description='null', arguments='null'}
2026-08-28 19:44:39.007 [main] INFO  org.example.Network.UDPServer - RESPONSE: <Response>
  <content>add: добавить новый элемент в коллекцию. Команда от одного аргумента - добавить по XML
от девяти аргументов - явно задать параметры, без аргументов - интерактивный режим
fsn: fstarts_with_name: вывести элементы, значение поля name которых начинается с заданной подстроки
aifm: add_if_min: добавить новый элемент в коллекцию, если его значение меньше, чем у наименьшего элемента этой коллекции
clear: очистить коллекцию
show: показать информацию о коллекции
save: сохранить коллекцию в файл
rmg: remove_greater: удалить из коллекции все элементы, превышающие заданный
execute: считать и исполнить скрипт из указанного файла. В скрипте содержатся команды в таком же виде, в котором их вводит пользователь в интерактивном режиме.
rmi: remove_by_id :удалить элемент из коллекции по его id
fcn: filter_contains_name: вывести элементы, значение поля name которых содержит заданную подстроку
rml: remove_lower: удалить из коллекции все элементы, меньшие, чем заданный
help: вывести справку по доступным командам
ubi: update_by_id: обновить значение элемента коллекции, id которого равен заданному
info: вывести в стандартный поток вывода информацию о коллекции
group: сгруппировать элементы коллекции по значению поля creationDate, вывести количество элементов в каждой группе</content>
</Response>
2026-08-28 19:44:39.009 [main] INFO  org.example.Network.UDPServer - пользователь /127.0.0.1:43206 отправил данные
2026-08-28 19:44:39.015 [main] INFO  org.example.Network.UDPServer - выполняется запрос Command{name='help', description='null', arguments='null'}
2026-08-28 19:44:39.018 [main] INFO  org.example.Network.UDPServer - RESPONSE: <Response>
  <content>add: добавить новый элемент в коллекцию. Команда от одного аргумента - добавить по XML
от девяти аргументов - явно задать параметры, без аргументов - интерактивный режим
fsn: fstarts_with_name: вывести элементы, значение поля name которых начинается с заданной подстроки
aifm: add_if_min: добавить новый элемент в коллекцию, если его значение меньше, чем у наименьшего элемента этой коллекции
clear: очистить коллекцию
show: показать информацию о коллекции
save: сохранить коллекцию в файл
rmg: remove_greater: удалить из коллекции все элементы, превышающие заданный
execute: считать и исполнить скрипт из указанного файла. В скрипте содержатся команды в таком же виде, в котором их вводит пользователь в интерактивном режиме.
rmi: remove_by_id :удалить элемент из коллекции по его id
fcn: filter_contains_name: вывести элементы, значение поля name которых содержит заданную подстроку
rml: remove_lower: удалить из коллекции все элементы, меньшие, чем заданный
help: вывести справку по доступным командам
ubi: update_by_id: обновить значение элемента коллекции, id которого равен заданному
info: вывести в стандартный поток вывода информацию о коллекции
group: сгруппировать элементы коллекции по значению поля creationDate, вывести количество элементов в каждой группе</content>
</Response>
2026-08-28 19:44:39.019 [main] INFO  org.example.Network.UDPServer - пользователь /127.0.0.1:43206 отправил данные
2026-08-28 19:44:39.023 [main] INFO  org.example.Network.UDPServer - выполняется запрос Command{name='help', description='null', arguments='null'}
2026-08-28 19:44:39.027 [main] INFO  org.example.Network.UDPServer - RESPONSE: <Response>
  <content>add: добавить новый элемент в коллекцию. Команда от одного аргумента - добавить по XML
от девяти аргументов - явно задать параметры, без аргументов - интерактивный режим
fsn: fstarts_with_name: вывести элементы, значение поля name которых начинается с заданной подстроки
aifm: add_if_min: добавить новый элемент в коллекцию, если его значение меньше, чем у наименьшего элемента этой коллекции
clear: очистить коллекцию
show: показать информацию о коллекции
save: сохранить коллекцию в файл
rmg: remove_greater: удалить из коллекции все элементы, превышающие заданный
execute: считать и исполнить скрипт из указанного файла. В скрипте содержатся команды в таком же виде, в котором их вводит пользователь в интерактивном режиме.
rmi: remove_by_id :удалить элемент из коллекции по его id
fcn: filter_contains_name: вывести элементы, значение поля name которых содержит заданную подстроку
rml: remove_lower: удалить из коллекции все элементы, меньшие, чем заданный
help: вывести справку по доступным командам
ubi: update_by_id: обновить значение элемента коллекции, id которого равен заданному
info: вывести в стандартный поток вывода информацию о коллекции
group: сгруппировать элементы коллекции по значению поля creationDate, вывести количество элементов в каждой группе</content>
</Response>
2026-08-28 19:44:39.028 [main] INFO  org.example.Network.UDPServer - пользователь /127.0.0.1:43206 отправил данные
2026-08-28 19:44:39.032 [main] INFO  org.example.Network.UDPServer - выполняется запрос Command{name='help', description='null', arguments='null'}
2026-08-28 19:44:39.035 [main] INFO  org.example.Network.UDPServer - RESPONSE: <Response>
  <content>add: добавить новый элемент в коллекцию. Команда от одного аргумента - добавить по XML
от девяти аргументов - явно задать параметры, без аргументов - интерактивный режим
fsn: fstarts_with_name: вывести элементы, значение поля name которых начинается с заданной подстроки
aifm: add_if_min: добавить новый элемент в коллекцию, если его значение меньше, чем у наименьшего элемента этой коллекции
clear: очистить коллекцию
show: показать информацию о коллекции
save: сохранить коллекцию в файл
rmg: remove_greater: удалить из коллекции все элементы, превышающие заданный
execute: считать и исполнить скрипт из указанного файла. В скрипте содержатся команды в таком же виде, в котором их вводит пользователь в интерактивном режиме.
rmi: remove_by_id :удалить элемент из коллекции по его id
fcn: filter_contains_name: вывести элементы, значение поля name которых содержит заданную подстроку
rml: remove_lower: удалить из коллекции все элементы, меньшие, чем заданный
help: вывести справку по доступным командам
ubi: update_by_id: обновить значение элемента коллекции, id которого равен заданному
info: вывести в стандартный поток вывода информацию о коллекции
group: сгруппировать элементы коллекции по значению поля creationDate, вывести количество элементов в каждой группе</content>
</Response>
2026-08-28 19:44:39.036 [main] INFO  org.example.Network.UDPServer - пользователь /127.0.0.1:43206 отправил данные
2026-08-28 19:44:39.039 [main] INFO  org.example.Network.UDPServer - выполняется запрос Command{name='help', description='null', arguments='null'}
2026-08-28 19:44:39.041 [main] INFO  org.example.Network.UDPServer - RESPONSE: <Response>
  <content>add: добавить новый элемент в коллекцию. Команда от одного аргумента - добавить по XML
от девяти аргументов - явно задать параметры, без аргументов - интерактивный режим
fsn: fstarts_with_name: вывести элементы, значение поля name которых начинается с заданной подстроки
aifm: add_if_min: добавить новый элемент в коллекцию, если его значение меньше, чем у наименьшего элемента этой коллекции
clear: очистить коллекцию
show: показать информацию о коллекции
save: сохранить коллекцию в файл
rmg: remove_greater: удалить из коллекции все элементы, превышающие заданный
execute: считать и исполнить скрипт из указанного файла. В скрипте содержатся команды в таком же виде, в котором их вводит пользователь в интерактивном режиме.
rmi: remove_by_id :удалить элемент из коллекции по его id
fcn: filter_contains_name: вывести элементы, значение поля name которых содержит заданную подстроку
rml: remove_lower: удалить из коллекции все элементы, меньшие, чем заданный
help: вывести справку по доступным командам
ubi: update_by_id: обновить значение элемента коллекции, id которого равен заданному
info: вывести в стандартный поток вывода информацию о коллекции
group: сгруппировать элементы коллекции по значению поля creationDate, вывести количество элементов в каждой группе</content>
</Response>
2026-08-28 19:58:21.133 [Thread-0] INFO  org.example.Server - сервер прекратил работу
2026-08-28 19:58:23.891 [main] INFO  org.example.Network.UDPServer - Сервер запущен на порту 24868
2026-08-28 19:58:28.491 [main] INFO  org.example.Network.UDPServer - пользователь /127.0.0.1:43206 отправил данные
2026-08-28 19:58:28.813 [main] INFO  org.example.Network.UDPServer - выполняется запрос Command{name='help', description='null', arguments='null'}
2026-08-28 19:58:28.823 [main] INFO  org.example.Network.UDPServer - RESPONSE: <Response>
  <content>add: добавить новый элемент в коллекцию. Команда от одного аргумента - добавить по XML
от девяти аргументов - явно задать параметры, без аргументов - интерактивный режим
fsn: fstarts_with_name: вывести элементы, значение поля name которых начинается с заданной подстроки
aifm: add_if_min: добавить новый элемент в коллекцию, если его значение меньше, чем у наименьшего элемента этой коллекции
clear: очистить коллекцию
show: показать информацию о коллекции
save: сохранить коллекцию в файл
rmg: remove_greater: удалить из коллекции все элементы, превышающие заданный
execute: считать и исполнить скрипт из указанного файла. В скрипте содержатся команды в таком же виде, в котором их вводит пользователь в интерактивном режиме.
rmi: remove_by_id :удалить элемент из коллекции по его id
fcn: filter_contains_name: вывести элементы, значение поля name которых содержит заданную подстроку
rml: remove_lower: удалить из коллекции все элементы, меньшие, чем заданный
help: вывести справку по доступным командам
ubi: update_by_id: обновить значение элемента коллекции, id которого равен заданному
info: вывести в стандартный поток вывода информацию о коллекции
group: сгруппировать элементы коллекции по значению поля creationDate, вывести количество элементов в каждой группе</content>
</Response>
2026-08-28 19:58:28.827 [main] INFO  org.example.Network.UDPServer - пользователь /127.0.0.1:43206 отправил данные
2026-08-28 19:58:28.829 [main] INFO  org.example.Network.UDPServer - выполняется запрос Command{name='help', description='null', arguments='null'}
2026-08-28 19:58:28.832 [main] INFO  org.example.Network.UDPServer - RESPONSE: <Response>
  <content>add: добавить новый элемент в коллекцию. Команда от одного аргумента - добавить по XML
от девяти аргументов - явно задать параметры, без аргументов - интерактивный режим
fsn: fstarts_with_name: вывести элементы, значение поля name которых начинается с заданной подстроки
aifm: add_if_min: добавить новый элемент в коллекцию, если его значение меньше, чем у наименьшего элемента этой коллекции
clear: очистить коллекцию
show: показать информацию о коллекции
save: сохранить коллекцию в файл
rmg: remove_greater: удалить из коллекции все элементы, превышающие заданный
execute: считать и исполнить скрипт из указанного файла. В скрипте содержатся команды в таком же виде, в котором их вводит пользователь в интерактивном режиме.
rmi: remove_by_id :удалить элемент из коллекции по его id
fcn: filter_contains_name: вывести элементы, значение поля name которых содержит заданную подстроку
rml: remove_lower: удалить из коллекции все элементы, меньшие, чем заданный
help: вывести справку по доступным командам
ubi: update_by_id: обновить значение элемента коллекции, id которого равен заданному
info: вывести в стандартный поток вывода информацию о коллекции
group: сгруппировать элементы коллекции по значению поля creationDate, вывести количество элементов в каждой группе</content>
</Response>
2026-08-28 19:58:28.835 [main] INFO  org.example.Network.UDPServer - пользователь /127.0.0.1:43206 отправил данные
2026-08-28 19:58:28.837 [main] INFO  org.example.Network.UDPServer - выполняется запрос Command{name='help', description='null', arguments='null'}
2026-08-28 19:58:28.839 [main] INFO  org.example.Network.UDPServer - RESPONSE: <Response>
  <content>add: добавить новый элемент в коллекцию. Команда от одного аргумента - добавить по XML
от девяти аргументов - явно задать параметры, без аргументов - интерактивный режим
fsn: fstarts_with_name: вывести элементы, значение поля name которых начинается с заданной подстроки
aifm: add_if_min: добавить новый элемент в коллекцию, если его значение меньше, чем у наименьшего элемента этой коллекции
clear: очистить коллекцию
show: показать информацию о коллекции
save: сохранить коллекцию в файл
rmg: remove_greater: удалить из коллекции все элементы, превышающие заданный
execute: считать и исполнить скрипт из указанного файла. В скрипте содержатся команды в таком же виде, в котором их вводит пользователь в интерактивном режиме.
rmi: remove_by_id :удалить элемент из коллекции по его id
fcn: filter_contains_name: вывести элементы, значение поля name которых содержит заданную подстроку
rml: remove_lower: удалить из коллекции все элементы, меньшие, чем заданный
help: вывести справку по доступным командам
ubi: update_by_id: обновить значение элемента коллекции, id которого равен заданному
info: вывести в стандартный поток вывода информацию о коллекции
group: сгруппировать элементы коллекции по значению поля creationDate, вывести количество элементов в каждой группе</content>
</Response>
2026-08-28 19:58:28.841 [main] INFO  org.example.Network.UDPServer - пользователь /127.0.0.1:43206 отправил данные
2026-08-28 19:58:28.843 [main] INFO  org.example.Network.UDPServer - выполняется запрос Command{name='help', description='null', arguments='null'}
2026-08-28 19:58:28.845 [main] INFO  org.example.Network.UDPServer - RESPONSE: <Response>
  <content>add: добавить новый элемент в коллекцию. Команда от одного аргумента - добавить по XML
от девяти аргументов - явно задать параметры, без аргументов - интерактивный режим
fsn: fstarts_with_name: вывести элементы, значение поля name которых начинается с заданной подстроки
aifm: add_if_min: добавить новый элемент в коллекцию, если его значение меньше, чем у наименьшего элемента этой коллекции
clear: очистить коллекцию
show: показать информацию о коллекции
save: сохранить коллекцию в файл
rmg: remove_greater: удалить из коллекции все элементы, превышающие заданный
execute: считать и исполнить скрипт из указанного файла. В скрипте содержатся команды в таком же виде, в котором их вводит пользователь в интерактивном режиме.
rmi: remove_by_id :удалить элемент из коллекции по его id
fcn: filter_contains_name: вывести элементы, значение поля name которых содержит заданную подстроку
rml: remove_lower: удалить из коллекции все элементы, меньшие, чем заданный
help: вывести справку по доступным командам
ubi: update_by_id: обновить значение элемента коллекции, id которого равен заданному
info: вывести в стандартный поток вывода информацию о коллекции
group: сгруппировать элементы коллекции по значению поля creationDate, вывести количество элементов в каждой группе</content>
</Response>
2026-08-28 19:58:28.847 [main] INFO  org.example.Network.UDPServer - пользователь /127.0.0.1:43206 отправил данные
2026-08-28 19:58:28.848 [main] INFO  org.example.Network.UDPServer - выполняется запрос Command{name='help', description='null', arguments='null'}
2026-08-28 19:58:28.850 [main] INFO  org.example.Network.UDPServer - RESPONSE: <Response>
  <content>add: добавить новый элемент в коллекцию. Команда от одного аргумента - добавить по XML
от девяти аргументов - явно задать параметры, без аргументов - интерактивный режим
fsn: fstarts_with_name: вывести элементы, значение поля name которых начинается с заданной подстроки
aifm: add_if_min: добавить новый элемент в коллекцию, если его значение меньше, чем у наименьшего элемента этой коллекции
clear: очистить коллекцию
show: показать информацию о коллекции
save: сохранить коллекцию в файл
rmg: remove_greater: удалить из коллекции все элементы, превышающие заданный
execute: считать и исполнить скрипт из указанного файла. В скрипте содержатся команды в таком же виде, в котором их вводит пользователь в интерактивном режиме.
rmi: remove_by_id :удалить элемент из коллекции по его id
fcn: filter_contains_name: вывести элементы, значение поля name которых содержит заданную подстроку
rml: remove_lower: удалить из коллекции все элементы, меньшие, чем заданный
help: вывести справку по доступным командам
ubi: update_by_id: обновить значение элемента коллекции, id которого равен заданному
info: вывести в стандартный поток вывода информацию о коллекции
group: сгруппировать элементы коллекции по значению поля creationDate, вывести количество элементов в каждой группе</content>
</Response>
2026-08-28 19:59:48.407 [Thread-0] INFO  org.example.Server - сервер прекратил работу
2026-08-28 19:59:49.896 [main] INFO  org.example.Network.UDPServer - Сервер запущен на порту 24868
2026-08-28 20:00:00.253 [main] INFO  org.example.Network.UDPServer - пользователь /127.0.0.1:41424 отправил данные
2026-08-28 20:00:00.476 [main] INFO  org.example.Network.UDPServer - выполняется запрос Command{name='help', description='null', arguments='null'}
2026-08-28 20:00:00.484 [main] INFO  org.example.Network.UDPServer - RESPONSE: <Response>
  <content>add: добавить новый элемент в коллекцию. Команда от одного аргумента - добавить по XML
от девяти аргументов - явно задать параметры, без аргументов - интерактивный режим
fsn: fstarts_with_name: вывести элементы, значение поля name которых начинается с заданной подстроки
aifm: add_if_min: добавить новый элемент в коллекцию, если его значение меньше, чем у наименьшего элемента этой коллекции
clear: очистить коллекцию
show: показать информацию о коллекции
save: сохранить коллекцию в файл
rmg: remove_greater: удалить из коллекции все элементы, превышающие заданный
execute: считать и исполнить скрипт из указанного файла. В скрипте содержатся команды в таком же виде, в котором их вводит пользователь в интерактивном режиме.
rmi: remove_by_id :удалить элемент из коллекции по его id
fcn: filter_contains_name: вывести элементы, значение поля name которых содержит заданную подстроку
rml: remove_lower: удалить из коллекции все элементы, меньшие, чем заданный
help: вывести справку по доступным командам
ubi: update_by_id: обновить значение элемента коллекции, id которого равен заданному
info: вывести в стандартный поток вывода информацию о коллекции
group: сгруппировать элементы коллекции по значению поля creationDate, вывести количество элементов в каждой группе</content>
</Response>
2026-08-28 20:11:32.717 [Thread-0] INFO  org.example.Server - сервер прекратил работу
2026-08-28 20:11:35.448 [main] INFO  org.example.Network.UDPServer - Сервер запущен на порту 24868
2026-08-28 20:11:39.031 [main] INFO  org.example.Network.UDPServer - пользователь /127.0.0.1:41424 отправил данные
2026-08-28 20:11:39.375 [main] INFO  org.example.Network.UDPServer - выполняется запрос Command{name='help', description='null', arguments='null'}
2026-08-28 20:11:39.387 [main] INFO  org.example.Network.UDPServer - RESPONSE: <Request>
  <command>
    <name>help</name>
  </command>
</Request>
2026-08-28 20:12:28.053 [Thread-0] INFO  org.example.Server - сервер прекратил работу
2026-08-28 20:12:30.683 [main] INFO  org.example.Network.UDPServer - Сервер запущен на порту 24868
2026-08-28 20:12:32.268 [main] INFO  org.example.Network.UDPServer - пользователь /127.0.0.1:52569 отправил данные
2026-08-28 20:12:32.488 [main] INFO  org.example.Network.UDPServer - выполняется запрос Command{name='help', description='null', arguments='null'}
2026-08-28 20:12:32.499 [main] INFO  org.example.Network.UDPServer - RESPONSE: <Response>
  <content>add: добавить новый элемент в коллекцию. Команда от одного аргумента - добавить по XML
от девяти аргументов - явно задать параметры, без аргументов - интерактивный режим
fsn: fstarts_with_name: вывести элементы, значение поля name которых начинается с заданной подстроки
aifm: add_if_min: добавить новый элемент в коллекцию, если его значение меньше, чем у наименьшего элемента этой коллекции
clear: очистить коллекцию
show: показать информацию о коллекции
save: сохранить коллекцию в файл
rmg: remove_greater: удалить из коллекции все элементы, превышающие заданный
execute: считать и исполнить скрипт из указанного файла. В скрипте содержатся команды в таком же виде, в котором их вводит пользователь в интерактивном режиме.
rmi: remove_by_id :удалить элемент из коллекции по его id
fcn: filter_contains_name: вывести элементы, значение поля name которых содержит заданную подстроку
rml: remove_lower: удалить из коллекции все элементы, меньшие, чем заданный
help: вывести справку по доступным командам
ubi: update_by_id: обновить значение элемента коллекции, id которого равен заданному
info: вывести в стандартный поток вывода информацию о коллекции
group: сгруппировать элементы коллекции по значению поля creationDate, вывести количество элементов в каждой группе</content>
</Response>
2026-08-28 20:15:33.909 [Thread-0] INFO  org.example.Server - сервер прекратил работу
2026-08-28 20:15:36.473 [main] INFO  org.example.Network.UDPServer - Сервер запущен на порту 24868
2026-08-28 20:15:38.614 [main] INFO  org.example.Network.UDPServer - пользователь /127.0.0.1:41677 отправил данные
2026-08-28 20:15:38.855 [main] INFO  org.example.Network.UDPServer - выполняется запрос Command{name='help', description='null', arguments='null'}
2026-08-28 20:15:38.869 [main] INFO  org.example.Network.UDPServer - ответ отправлен пользователю /127.0.0.1:41677,содержание:<Response>
  <content>add: добавить новый элемент в коллекцию. Команда от одного аргумента - добавить по XML
от девяти аргументов - явно задать параметры, без аргументов - интерактивный режим
fsn: fstarts_with_name: вывести элементы, значение поля name которых начинается с заданной подстроки
aifm: add_if_min: добавить новый элемент в коллекцию, если его значение меньше, чем у наименьшего элемента этой коллекции
clear: очистить коллекцию
show: показать информацию о коллекции
save: сохранить коллекцию в файл
rmg: remove_greater: удалить из коллекции все элементы, превышающие заданный
execute: считать и исполнить скрипт из указанного файла. В скрипте содержатся команды в таком же виде, в котором их вводит пользователь в интерактивном режиме.
rmi: remove_by_id :удалить элемент из коллекции по его id
fcn: filter_contains_name: вывести элементы, значение поля name которых содержит заданную подстроку
rml: remove_lower: удалить из коллекции все элементы, меньшие, чем заданный
help: вывести справку по доступным командам
ubi: update_by_id: обновить значение элемента коллекции, id которого равен заданному
info: вывести в стандартный поток вывода информацию о коллекции
group: сгруппировать элементы коллекции по значению поля creationDate, вывести количество элементов в каждой группе</content>
</Response>
2026-08-28 22:09:05.755 [Thread-0] INFO  org.example.Server - сервер прекратил работу
2026-08-29 14:25:30.034 [main] INFO  org.example.Network.UDPServer - Сервер запущен на порту 24868
2026-08-29 14:25:34.354 [main] INFO  org.example.Network.UDPServer - пользователь /127.0.0.1:43870 отправил данные
2026-08-29 14:25:34.598 [main] INFO  org.example.Network.UDPServer - выполняется запрос Command{name='help', description='null', arguments='null'}
2026-08-29 14:25:34.604 [main] INFO  org.example.Network.UDPServer - ответ отправлен пользователю /127.0.0.1:43870,содержание:<Response>
  <content>add: добавить новый элемент в коллекцию. Команда от одного аргумента - добавить по XML
от девяти аргументов - явно задать параметры, без аргументов - интерактивный режим
fsn: fstarts_with_name: вывести элементы, значение поля name которых начинается с заданной подстроки
aifm: add_if_min: добавить новый элемент в коллекцию, если его значение меньше, чем у наименьшего элемента этой коллекции
clear: очистить коллекцию
show: показать информацию о коллекции
save: сохранить коллекцию в файл
rmg: remove_greater: удалить из коллекции все элементы, превышающие заданный
execute: считать и исполнить скрипт из указанного файла. В скрипте содержатся команды в таком же виде, в котором их вводит пользователь в интерактивном режиме.
rmi: remove_by_id :удалить элемент из коллекции по его id
fcn: filter_contains_name: вывести элементы, значение поля name которых содержит заданную подстроку
rml: remove_lower: удалить из коллекции все элементы, меньшие, чем заданный
help: вывести справку по доступным командам
ubi: update_by_id: обновить значение элемента коллекции, id которого равен заданному
info: вывести в стандартный поток вывода информацию о коллекции
group: сгруппировать элементы коллекции по значению поля creationDate, вывести количество элементов в каждой группе</content>
</Response>
2026-08-29 17:55:14.764 [Thread-0] INFO  org.example.Server - сервер прекратил работу
2026-08-31 01:16:11.402 [main] INFO  org.example.Network.UDPServer - Сервер запущен на порту 24868
2026-08-31 01:16:18.338 [main] INFO  org.example.Network.UDPServer - пользователь /127.0.0.1:54628 отправил данные
2026-08-31 01:16:18.580 [main] INFO  org.example.Network.UDPServer - выполняется запрос Command{name='help', description='null', arguments='null'}
2026-08-31 01:16:18.598 [main] INFO  org.example.Network.UDPServer - ответ отправлен пользователю /127.0.0.1:54628,содержание:add: добавить новый элемент в коллекцию. Команда от одного аргумента - добавить по XML
от девяти аргументов - явно задать параметры, без аргументов - интерактивный режим
fsn: fstarts_with_name: вывести элементы, значение поля name которых начинается с заданной подстроки
aifm: add_if_min: добавить новый элемент в коллекцию, если его значение меньше, чем у наименьшего элемента этой коллекции
clear: очистить коллекцию
show: показать информацию о коллекции
save: сохранить коллекцию в файл
rmg: remove_greater: удалить из коллекции все элементы, превышающие заданный
execute: считать и исполнить скрипт из указанного файла. В скрипте содержатся команды в таком же виде, в котором их вводит пользователь в интерактивном режиме.
rmi: remove_by_id :удалить элемент из коллекции по его id
fcn: filter_contains_name: вывести элементы, значение поля name которых содержит заданную подстроку
rml: remove_lower: удалить из коллекции все элементы, меньшие, чем заданный
help: вывести справку по доступным командам
ubi: update_by_id: обновить значение элемента коллекции, id которого равен заданному
info: вывести в стандартный поток вывода информацию о коллекции
group: сгруппировать элементы коллекции по значению поля creationDate, вывести количество элементов в каждой группе
2026-08-31 01:17:47.661 [main] INFO  org.example.Network.UDPServer - пользователь /127.0.0.1:35107 отправил данные
2026-08-31 01:17:47.670 [main] INFO  org.example.Network.UDPServer - выполняется запрос Command{name='help', description='null', arguments='null'}
2026-08-31 01:17:47.671 [main] INFO  org.example.Network.UDPServer - ответ отправлен пользователю /127.0.0.1:35107,содержание:add: добавить новый элемент в коллекцию. Команда от одного аргумента - добавить по XML
от девяти аргументов - явно задать параметры, без аргументов - интерактивный режим
fsn: fstarts_with_name: вывести элементы, значение поля name которых начинается с заданной подстроки
aifm: add_if_min: добавить новый элемент в коллекцию, если его значение меньше, чем у наименьшего элемента этой коллекции
clear: очистить коллекцию
show: показать информацию о коллекции
save: сохранить коллекцию в файл
rmg: remove_greater: удалить из коллекции все элементы, превышающие заданный
execute: считать и исполнить скрипт из указанного файла. В скрипте содержатся команды в таком же виде, в котором их вводит пользователь в интерактивном режиме.
rmi: remove_by_id :удалить элемент из коллекции по его id
fcn: filter_contains_name: вывести элементы, значение поля name которых содержит заданную подстроку
rml: remove_lower: удалить из коллекции все элементы, меньшие, чем заданный
help: вывести справку по доступным командам
ubi: update_by_id: обновить значение элемента коллекции, id которого равен заданному
info: вывести в стандартный поток вывода информацию о коллекции
group: сгруппировать элементы коллекции по значению поля creationDate, вывести количество элементов в каждой группе
2026-08-31 01:21:04.044 [main] INFO  org.example.Network.UDPServer - пользователь /127.0.0.1:56535 отправил данные
2026-08-31 01:21:04.051 [main] INFO  org.example.Network.UDPServer - выполняется запрос Command{name='help', description='null', arguments='null'}
2026-08-31 01:21:04.052 [main] INFO  org.example.Network.UDPServer - ответ отправлен пользователю /127.0.0.1:56535,содержание:add: добавить новый элемент в коллекцию. Команда от одного аргумента - добавить по XML
от девяти аргументов - явно задать параметры, без аргументов - интерактивный режим
fsn: fstarts_with_name: вывести элементы, значение поля name которых начинается с заданной подстроки
aifm: add_if_min: добавить новый элемент в коллекцию, если его значение меньше, чем у наименьшего элемента этой коллекции
clear: очистить коллекцию
show: показать информацию о коллекции
save: сохранить коллекцию в файл
rmg: remove_greater: удалить из коллекции все элементы, превышающие заданный
execute: считать и исполнить скрипт из указанного файла. В скрипте содержатся команды в таком же виде, в котором их вводит пользователь в интерактивном режиме.
rmi: remove_by_id :удалить элемент из коллекции по его id
fcn: filter_contains_name: вывести элементы, значение поля name которых содержит заданную подстроку
rml: remove_lower: удалить из коллекции все элементы, меньшие, чем заданный
help: вывести справку по доступным командам
ubi: update_by_id: обновить значение элемента коллекции, id которого равен заданному
info: вывести в стандартный поток вывода информацию о коллекции
group: сгруппировать элементы коллекции по значению поля creationDate, вывести количество элементов в каждой группе
2026-08-31 01:21:36.697 [main] INFO  org.example.Network.UDPServer - пользователь /127.0.0.1:46817 отправил данные
2026-08-31 01:21:36.702 [main] INFO  org.example.Network.UDPServer - выполняется запрос Command{name='help', description='null', arguments='null'}
2026-08-31 01:21:36.730 [main] INFO  org.example.Network.UDPServer - ответ отправлен пользователю /127.0.0.1:46817,содержание:add: добавить новый элемент в коллекцию. Команда от одного аргумента - добавить по XML
от девяти аргументов - явно задать параметры, без аргументов - интерактивный режим
fsn: fstarts_with_name: вывести элементы, значение поля name которых начинается с заданной подстроки
aifm: add_if_min: добавить новый элемент в коллекцию, если его значение меньше, чем у наименьшего элемента этой коллекции
clear: очистить коллекцию
show: показать информацию о коллекции
save: сохранить коллекцию в файл
rmg: remove_greater: удалить из коллекции все элементы, превышающие заданный
execute: считать и исполнить скрипт из указанного файла. В скрипте содержатся команды в таком же виде, в котором их вводит пользователь в интерактивном режиме.
rmi: remove_by_id :удалить элемент из коллекции по его id
fcn: filter_contains_name: вывести элементы, значение поля name которых содержит заданную подстроку
rml: remove_lower: удалить из коллекции все элементы, меньшие, чем заданный
help: вывести справку по доступным командам
ubi: update_by_id: обновить значение элемента коллекции, id которого равен заданному
info: вывести в стандартный поток вывода информацию о коллекции
group: сгруппировать элементы коллекции по значению поля creationDate, вывести количество элементов в каждой группе
2026-08-31 01:22:14.999 [main] INFO  org.example.Network.UDPServer - пользователь /127.0.0.1:48206 отправил данные
2026-08-31 01:22:15.002 [main] INFO  org.example.Network.UDPServer - выполняется запрос Command{name='help', description='null', arguments='null'}
2026-08-31 01:22:15.003 [main] INFO  org.example.Network.UDPServer - ответ отправлен пользователю /127.0.0.1:48206,содержание:add: добавить новый элемент в коллекцию. Команда от одного аргумента - добавить по XML
от девяти аргументов - явно задать параметры, без аргументов - интерактивный режим
fsn: fstarts_with_name: вывести элементы, значение поля name которых начинается с заданной подстроки
aifm: add_if_min: добавить новый элемент в коллекцию, если его значение меньше, чем у наименьшего элемента этой коллекции
clear: очистить коллекцию
show: показать информацию о коллекции
save: сохранить коллекцию в файл
rmg: remove_greater: удалить из коллекции все элементы, превышающие заданный
execute: считать и исполнить скрипт из указанного файла. В скрипте содержатся команды в таком же виде, в котором их вводит пользователь в интерактивном режиме.
rmi: remove_by_id :удалить элемент из коллекции по его id
fcn: filter_contains_name: вывести элементы, значение поля name которых содержит заданную подстроку
rml: remove_lower: удалить из коллекции все элементы, меньшие, чем заданный
help: вывести справку по доступным командам
ubi: update_by_id: обновить значение элемента коллекции, id которого равен заданному
info: вывести в стандартный поток вывода информацию о коллекции
group: сгруппировать элементы коллекции по значению поля creationDate, вывести количество элементов в каждой группе
2026-08-31 01:23:47.919 [main] INFO  org.example.Network.UDPServer - пользователь /127.0.0.1:49415 отправил данные
2026-08-31 01:23:47.924 [main] INFO  org.example.Network.UDPServer - выполняется запрос Command{name='help', description='null', arguments='null'}
2026-08-31 01:23:47.926 [main] INFO  org.example.Network.UDPServer - ответ отправлен пользователю /127.0.0.1:49415,содержание:add: добавить новый элемент в коллекцию. Команда от одного аргумента - добавить по XML
от девяти аргументов - явно задать параметры, без аргументов - интерактивный режим
fsn: fstarts_with_name: вывести элементы, значение поля name которых начинается с заданной подстроки
aifm: add_if_min: добавить новый элемент в коллекцию, если его значение меньше, чем у наименьшего элемента этой коллекции
clear: очистить коллекцию
show: показать информацию о коллекции
save: сохранить коллекцию в файл
rmg: remove_greater: удалить из коллекции все элементы, превышающие заданный
execute: считать и исполнить скрипт из указанного файла. В скрипте содержатся команды в таком же виде, в котором их вводит пользователь в интерактивном режиме.
rmi: remove_by_id :удалить элемент из коллекции по его id
fcn: filter_contains_name: вывести элементы, значение поля name которых содержит заданную подстроку
rml: remove_lower: удалить из коллекции все элементы, меньшие, чем заданный
help: вывести справку по доступным командам
ubi: update_by_id: обновить значение элемента коллекции, id которого равен заданному
info: вывести в стандартный поток вывода информацию о коллекции
group: сгруппировать элементы коллекции по значению поля creationDate, вывести количество элементов в каждой группе
2026-08-31 01:24:41.356 [main] INFO  org.example.Network.UDPServer - пользователь /127.0.0.1:35997 отправил данные
2026-08-31 01:24:41.359 [main] INFO  org.example.Network.UDPServer - выполняется запрос Command{name='help', description='null', arguments='null'}
2026-08-31 01:24:41.361 [main] INFO  org.example.Network.UDPServer - ответ отправлен пользователю /127.0.0.1:35997,содержание:add: добавить новый элемент в коллекцию. Команда от одного аргумента - добавить по XML
от девяти аргументов - явно задать параметры, без аргументов - интерактивный режим
fsn: fstarts_with_name: вывести элементы, значение поля name которых начинается с заданной подстроки
aifm: add_if_min: добавить новый элемент в коллекцию, если его значение меньше, чем у наименьшего элемента этой коллекции
clear: очистить коллекцию
show: показать информацию о коллекции
save: сохранить коллекцию в файл
rmg: remove_greater: удалить из коллекции все элементы, превышающие заданный
execute: считать и исполнить скрипт из указанного файла. В скрипте содержатся команды в таком же виде, в котором их вводит пользователь в интерактивном режиме.
rmi: remove_by_id :удалить элемент из коллекции по его id
fcn: filter_contains_name: вывести элементы, значение поля name которых содержит заданную подстроку
rml: remove_lower: удалить из коллекции все элементы, меньшие, чем заданный
help: вывести справку по доступным командам
ubi: update_by_id: обновить значение элемента коллекции, id которого равен заданному
info: вывести в стандартный поток вывода информацию о коллекции
group: сгруппировать элементы коллекции по значению поля creationDate, вывести количество элементов в каждой группе
2026-09-02 06:32:57.888 [Thread-0] INFO  org.example.Server - сервер прекратил работу
2026-09-03 12:44:53.886 [main] INFO  org.example.Network.UDPServer - Сервер запущен на порту 24868
2026-09-03 12:45:24.822 [main] INFO  org.example.Network.UDPServer - пользователь /127.0.0.1:45076 отправил данные
2026-09-03 12:45:25.103 [main] INFO  org.example.Network.UDPServer - выполняется запрос Command{name='help', description='null', arguments='null'}
2026-09-03 12:45:25.114 [main] INFO  org.example.Network.UDPServer - ответ отправлен пользователю /127.0.0.1:45076,содержание:add: добавить новый элемент в коллекцию. Команда от одного аргумента - добавить по XML
от девяти аргументов - явно задать параметры, без аргументов - интерактивный режим
fsn: fstarts_with_name: вывести элементы, значение поля name которых начинается с заданной подстроки
aifm: add_if_min: добавить новый элемент в коллекцию, если его значение меньше, чем у наименьшего элемента этой коллекции
clear: очистить коллекцию
show: показать информацию о коллекции
save: сохранить коллекцию в файл
rmg: remove_greater: удалить из коллекции все элементы, превышающие заданный
execute: считать и исполнить скрипт из указанного файла. В скрипте содержатся команды в таком же виде, в котором их вводит пользователь в интерактивном режиме.
rmi: remove_by_id :удалить элемент из коллекции по его id
fcn: filter_contains_name: вывести элементы, значение поля name которых содержит заданную подстроку
rml: remove_lower: удалить из коллекции все элементы, меньшие, чем заданный
help: вывести справку по доступным командам
ubi: update_by_id: обновить значение элемента коллекции, id которого равен заданному
info: вывести в стандартный поток вывода информацию о коллекции
group: сгруппировать элементы коллекции по значению поля creationDate, вывести количество элементов в каждой группе
2026-09-03 12:48:30.590 [Thread-0] INFO  org.example.Server - сервер прекратил работу
2026-09-03 12:48:33.548 [main] INFO  org.example.Network.UDPServer - Сервер запущен на порту 24868
2026-09-03 12:48:38.905 [main] INFO  org.example.Network.UDPServer - пользователь /127.0.0.1:45076 отправил данные
2026-09-03 12:48:39.144 [main] INFO  org.example.Network.UDPServer - выполняется запрос Command{name='help', description='null', arguments='null'}
2026-09-03 12:48:39.153 [main] INFO  org.example.Network.UDPServer - ответ отправлен пользователю /127.0.0.1:45076,содержание:
add: добавить новый элемент в коллекцию. Команда от одного аргумента - добавить по XML
от девяти аргументов - явно задать параметры, без аргументов - интерактивный режим
fsn: fstarts_with_name: вывести элементы, значение поля name которых начинается с заданной подстроки
aifm: add_if_min: добавить новый элемент в коллекцию, если его значение меньше, чем у наименьшего элемента этой коллекции
clear: очистить коллекцию
show: показать информацию о коллекции
save: сохранить коллекцию в файл
rmg: remove_greater: удалить из коллекции все элементы, превышающие заданный
execute: считать и исполнить скрипт из указанного файла. В скрипте содержатся команды в таком же виде, в котором их вводит пользователь в интерактивном режиме.
rmi: remove_by_id :удалить элемент из коллекции по его id
fcn: filter_contains_name: вывести элементы, значение поля name которых содержит заданную подстроку
rml: remove_lower: удалить из коллекции все элементы, меньшие, чем заданный
help: вывести справку по доступным командам
ubi: update_by_id: обновить значение элемента коллекции, id которого равен заданному
info: вывести в стандартный поток вывода информацию о коллекции
group: сгруппировать элементы коллекции по значению поля creationDate, вывести количество элементов в каждой группе
2026-09-03 12:52:30.414 [Thread-0] INFO  org.example.Server - сервер прекратил работу
2026-09-03 12:52:32.042 [main] INFO  org.example.Network.UDPServer - Сервер запущен на порту 24868
2026-09-03 12:52:39.742 [main] INFO  org.example.Network.UDPServer - пользователь /127.0.0.1:57757 отправил данные
2026-09-03 12:52:39.957 [main] INFO  org.example.Network.UDPServer - выполняется запрос Command{name='help', description='null', arguments='null'}
2026-09-03 12:52:39.966 [main] INFO  org.example.Network.UDPServer - ответ отправлен пользователю /127.0.0.1:57757,содержание:
add: добавить новый элемент в коллекцию. Команда от одного аргумента - добавить по XML
от девяти аргументов - явно задать параметры, без аргументов - интерактивный режим
fsn: fstarts_with_name: вывести элементы, значение поля name которых начинается с заданной подстроки
aifm: add_if_min: добавить новый элемент в коллекцию, если его значение меньше, чем у наименьшего элемента этой коллекции
clear: очистить коллекцию
show: показать информацию о коллекции
save: сохранить коллекцию в файл
rmg: remove_greater: удалить из коллекции все элементы, превышающие заданный
execute: считать и исполнить скрипт из указанного файла. В скрипте содержатся команды в таком же виде, в котором их вводит пользователь в интерактивном режиме.
rmi: remove_by_id :удалить элемент из коллекции по его id
fcn: filter_contains_name: вывести элементы, значение поля name которых содержит заданную подстроку
rml: remove_lower: удалить из коллекции все элементы, меньшие, чем заданный
help: вывести справку по доступным командам
ubi: update_by_id: обновить значение элемента коллекции, id которого равен заданному
info: вывести в стандартный поток вывода информацию о коллекции
group: сгруппировать элементы коллекции по значению поля creationDate, вывести количество элементов в каждой группе
2026-09-03 12:52:54.894 [main] INFO  org.example.Network.UDPServer - пользователь /127.0.0.1:57757 отправил данные
2026-09-03 12:52:54.903 [main] INFO  org.example.Network.UDPServer - выполняется запрос Command{name='help', description='null', arguments='null'}
2026-09-03 12:52:54.905 [main] INFO  org.example.Network.UDPServer - ответ отправлен пользователю /127.0.0.1:57757,содержание:
add: добавить новый элемент в коллекцию. Команда от одного аргумента - добавить по XML
от девяти аргументов - явно задать параметры, без аргументов - интерактивный режим
fsn: fstarts_with_name: вывести элементы, значение поля name которых начинается с заданной подстроки
aifm: add_if_min: добавить новый элемент в коллекцию, если его значение меньше, чем у наименьшего элемента этой коллекции
clear: очистить коллекцию
show: показать информацию о коллекции
save: сохранить коллекцию в файл
rmg: remove_greater: удалить из коллекции все элементы, превышающие заданный
execute: считать и исполнить скрипт из указанного файла. В скрипте содержатся команды в таком же виде, в котором их вводит пользователь в интерактивном режиме.
rmi: remove_by_id :удалить элемент из коллекции по его id
fcn: filter_contains_name: вывести элементы, значение поля name которых содержит заданную подстроку
rml: remove_lower: удалить из коллекции все элементы, меньшие, чем заданный
help: вывести справку по доступным командам
ubi: update_by_id: обновить значение элемента коллекции, id которого равен заданному
info: вывести в стандартный поток вывода информацию о коллекции
group: сгруппировать элементы коллекции по значению поля creationDate, вывести количество элементов в каждой группе
2026-09-03 12:52:59.047 [main] INFO  org.example.Network.UDPServer - пользователь /127.0.0.1:57757 отправил данные
2026-09-03 12:52:59.055 [main] INFO  org.example.Network.UDPServer - выполняется запрос Command{name='help', description='null', arguments='null'}
2026-09-03 12:52:59.057 [main] INFO  org.example.Network.UDPServer - ответ отправлен пользователю /127.0.0.1:57757,содержание:
add: добавить новый элемент в коллекцию. Команда от одного аргумента - добавить по XML
от девяти аргументов - явно задать параметры, без аргументов - интерактивный режим
fsn: fstarts_with_name: вывести элементы, значение поля name которых начинается с заданной подстроки
aifm: add_if_min: добавить новый элемент в коллекцию, если его значение меньше, чем у наименьшего элемента этой коллекции
clear: очистить коллекцию
show: показать информацию о коллекции
save: сохранить коллекцию в файл
rmg: remove_greater: удалить из коллекции все элементы, превышающие заданный
execute: считать и исполнить скрипт из указанного файла. В скрипте содержатся команды в таком же виде, в котором их вводит пользователь в интерактивном режиме.
rmi: remove_by_id :удалить элемент из коллекции по его id
fcn: filter_contains_name: вывести элементы, значение поля name которых содержит заданную подстроку
rml: remove_lower: удалить из коллекции все элементы, меньшие, чем заданный
help: вывести справку по доступным командам
ubi: update_by_id: обновить значение элемента коллекции, id которого равен заданному
info: вывести в стандартный поток вывода информацию о коллекции
group: сгруппировать элементы коллекции по значению поля creationDate, вывести количество элементов в каждой группе
2026-09-03 12:58:14.925 [main] INFO  org.example.Network.UDPServer - пользователь /127.0.0.1:60035 отправил данные
2026-09-03 12:58:14.929 [main] INFO  org.example.Network.UDPServer - выполняется запрос Command{name='help', description='null', arguments='null'}
2026-09-03 12:58:14.930 [main] INFO  org.example.Network.UDPServer - ответ отправлен пользователю /127.0.0.1:60035,содержание:
add: добавить новый элемент в коллекцию. Команда от одного аргумента - добавить по XML
от девяти аргументов - явно задать параметры, без аргументов - интерактивный режим
fsn: fstarts_with_name: вывести элементы, значение поля name которых начинается с заданной подстроки
aifm: add_if_min: добавить новый элемент в коллекцию, если его значение меньше, чем у наименьшего элемента этой коллекции
clear: очистить коллекцию
show: показать информацию о коллекции
save: сохранить коллекцию в файл
rmg: remove_greater: удалить из коллекции все элементы, превышающие заданный
execute: считать и исполнить скрипт из указанного файла. В скрипте содержатся команды в таком же виде, в котором их вводит пользователь в интерактивном режиме.
rmi: remove_by_id :удалить элемент из коллекции по его id
fcn: filter_contains_name: вывести элементы, значение поля name которых содержит заданную подстроку
rml: remove_lower: удалить из коллекции все элементы, меньшие, чем заданный
help: вывести справку по доступным командам
ubi: update_by_id: обновить значение элемента коллекции, id которого равен заданному
info: вывести в стандартный поток вывода информацию о коллекции
group: сгруппировать элементы коллекции по значению поля creationDate, вывести количество элементов в каждой группе
2026-09-03 13:02:35.678 [main] INFO  org.example.Network.UDPServer - пользователь /127.0.0.1:60770 отправил данные
2026-09-03 13:02:35.686 [main] INFO  org.example.Network.UDPServer - выполняется запрос Command{name='help', description='null', arguments='null'}
2026-09-03 13:02:35.687 [main] INFO  org.example.Network.UDPServer - ответ отправлен пользователю /127.0.0.1:60770,содержание:
add: добавить новый элемент в коллекцию. Команда от одного аргумента - добавить по XML
от девяти аргументов - явно задать параметры, без аргументов - интерактивный режим
fsn: fstarts_with_name: вывести элементы, значение поля name которых начинается с заданной подстроки
aifm: add_if_min: добавить новый элемент в коллекцию, если его значение меньше, чем у наименьшего элемента этой коллекции
clear: очистить коллекцию
show: показать информацию о коллекции
save: сохранить коллекцию в файл
rmg: remove_greater: удалить из коллекции все элементы, превышающие заданный
execute: считать и исполнить скрипт из указанного файла. В скрипте содержатся команды в таком же виде, в котором их вводит пользователь в интерактивном режиме.
rmi: remove_by_id :удалить элемент из коллекции по его id
fcn: filter_contains_name: вывести элементы, значение поля name которых содержит заданную подстроку
rml: remove_lower: удалить из коллекции все элементы, меньшие, чем заданный
help: вывести справку по доступным командам
ubi: update_by_id: обновить значение элемента коллекции, id которого равен заданному
info: вывести в стандартный поток вывода информацию о коллекции
group: сгруппировать элементы коллекции по значению поля creationDate, вывести количество элементов в каждой группе
2026-09-03 13:03:56.685 [main] INFO  org.example.Network.UDPServer - пользователь /127.0.0.1:50468 отправил данные
2026-09-03 13:03:56.690 [main] INFO  org.example.Network.UDPServer - выполняется запрос Command{name='help', description='null', arguments='null'}
2026-09-03 13:03:56.691 [main] INFO  org.example.Network.UDPServer - ответ отправлен пользователю /127.0.0.1:50468,содержание:
add: добавить новый элемент в коллекцию. Команда от одного аргумента - добавить по XML
от девяти аргументов - явно задать параметры, без аргументов - интерактивный режим
fsn: fstarts_with_name: вывести элементы, значение поля name которых начинается с заданной подстроки
aifm: add_if_min: добавить новый элемент в коллекцию, если его значение меньше, чем у наименьшего элемента этой коллекции
clear: очистить коллекцию
show: показать информацию о коллекции
save: сохранить коллекцию в файл
rmg: remove_greater: удалить из коллекции все элементы, превышающие заданный
execute: считать и исполнить скрипт из указанного файла. В скрипте содержатся команды в таком же виде, в котором их вводит пользователь в интерактивном режиме.
rmi: remove_by_id :удалить элемент из коллекции по его id
fcn: filter_contains_name: вывести элементы, значение поля name которых содержит заданную подстроку
rml: remove_lower: удалить из коллекции все элементы, меньшие, чем заданный
help: вывести справку по доступным командам
ubi: update_by_id: обновить значение элемента коллекции, id которого равен заданному
info: вывести в стандартный поток вывода информацию о коллекции
group: сгруппировать элементы коллекции по значению поля creationDate, вывести количество элементов в каждой группе
2026-09-03 13:06:49.584 [main] INFO  org.example.Network.UDPServer - пользователь /127.0.0.1:50468 отправил данные
2026-09-03 13:06:49.589 [main] INFO  org.example.Network.UDPServer - выполняется запрос Command{name='add', description='null', arguments='[Ljava.lang.String;@1349883'}
2026-09-03 13:06:49.602 [main] INFO  o.example.Menegers.CollectionManager - добавлена музыкальная группа:MusicBand{
ID: 4, NAME: galdjlasf, COORDINATES: Coordinates{3142, 134.0}, CREATION DATE: 2026-09-03T13:04:43.648969077+03:00[Europe/Moscow],
NUMBER OF PARTICIPANTS: 1234, ESTABLISHMENT DATE: 2026-09-03, MUSIC GENRE: PROGRESSIVE_ROCK,
FRONT MAN: Person{ NAME: Name, HEIGHT: 234.23, PASSPORT ID: sdkfl24, HAIR COLOR: ORANGE, Location{2.0, 2, 2.234}}
}
2026-09-03 13:06:49.665 [main] INFO  o.example.Menegers.CollectionManager - коллекция сохранена
2026-09-03 13:06:49.665 [main] INFO  org.example.Network.UDPServer - ответ отправлен пользователю /127.0.0.1:50468,содержание:
Музыкальная группа успешно добавлена
2026-09-03 13:06:56.231 [main] INFO  org.example.Network.UDPServer - пользователь /127.0.0.1:50468 отправил данные
2026-09-03 13:06:56.238 [main] INFO  org.example.Network.UDPServer - выполняется запрос Command{name='show', description='null', arguments='null'}
2026-09-03 13:06:56.240 [main] INFO  org.example.Network.UDPServer - ответ отправлен пользователю /127.0.0.1:50468,содержание:
MusicBand{
ID: 4, NAME: galdjlasf, COORDINATES: Coordinates{3142, 134.0}, CREATION DATE: 2026-09-03T13:04:43.648969077+03:00[Europe/Moscow],
NUMBER OF PARTICIPANTS: 1234, ESTABLISHMENT DATE: 2026-09-03, MUSIC GENRE: PROGRESSIVE_ROCK,
FRONT MAN: Person{ NAME: Name, HEIGHT: 234.23, PASSPORT ID: sdkfl24, HAIR COLOR: ORANGE, Location{2.0, 2, 2.234}}
}
MusicBand{
ID: 2, NAME: Group, COORDINATES: Coordinates{1, 1.0}, CREATION DATE: 2026-06-08T19:50:47.620694857+03:00[Europe/Moscow],
NUMBER OF PARTICIPANTS: 2, ESTABLISHMENT DATE: 2026-06-08, MUSIC GENRE: ROCK,
FRONT MAN: Person{ NAME: Tvari, HEIGHT: 170.0, PASSPORT ID: 1241KDSKKS, HAIR COLOR: WHITE, Location{1.0, 1, 1.0}}
}
MusicBand{
ID: 1, NAME: Pink Floyd, COORDINATES: Coordinates{100, 250.5}, CREATION DATE: 2024-03-15T10:30Z,
NUMBER OF PARTICIPANTS: 5, ESTABLISHMENT DATE: 1965-10-15, MUSIC GENRE: PROGRESSIVE_ROCK,
FRONT MAN: Person{ NAME: David Gilmour, HEIGHT: 175.5, PASSPORT ID: AB1234567, HAIR COLOR: BLUE, Location{55.7558, 3761750, 156.0}}
}
MusicBand{
ID: 3, NAME: Naame, COORDINATES: Coordinates{123, 1.0}, CREATION DATE: 2026-06-16T23:41:37.599419332+03:00[Europe/Moscow],
NUMBER OF PARTICIPANTS: 1, ESTABLISHMENT DATE: 2026-06-16, MUSIC GENRE: PROGRESSIVE_ROCK,
FRONT MAN: Person{ NAME: Hur, HEIGHT: 123.0, PASSPORT ID: 123, HAIR COLOR: BLUE, Location{1.0, 1, 3.0}}
}
2026-09-03 13:17:09.471 [Thread-0] INFO  org.example.Server - сервер прекратил работу
2026-09-03 13:17:11.941 [main] INFO  org.example.Network.UDPServer - Сервер запущен на порту 24868
2026-09-03 13:17:18.482 [main] INFO  org.example.Network.UDPServer - пользователь /127.0.0.1:57055 отправил данные
2026-09-03 13:17:18.487 [main] INFO  org.example.Network.UDPServer - выполняется запрос Command{name='show', description='null', arguments='null'}
2026-09-03 13:17:18.516 [main] INFO  org.example.Network.UDPServer - ответ отправлен пользователю /127.0.0.1:57055,содержание:
MusicBand{
ID: 1, NAME: Pink Floyd, COORDINATES: Coordinates{100, 250.5}, CREATION DATE: 2024-03-15T10:30Z,
NUMBER OF PARTICIPANTS: 5, ESTABLISHMENT DATE: 1965-10-15, MUSIC GENRE: PROGRESSIVE_ROCK,
FRONT MAN: Person{ NAME: David Gilmour, HEIGHT: 175.5, PASSPORT ID: AB1234567, HAIR COLOR: BLUE, Location{55.7558, 3761750, 156.0}}
}
MusicBand{
ID: 3, NAME: Naame, COORDINATES: Coordinates{123, 1.0}, CREATION DATE: 2026-06-16T23:41:37.599419332+03:00[Europe/Moscow],
NUMBER OF PARTICIPANTS: 1, ESTABLISHMENT DATE: 2026-06-16, MUSIC GENRE: PROGRESSIVE_ROCK,
FRONT MAN: Person{ NAME: Hur, HEIGHT: 123.0, PASSPORT ID: 123, HAIR COLOR: BLUE, Location{1.0, 1, 3.0}}
}
MusicBand{
ID: 4, NAME: galdjlasf, COORDINATES: Coordinates{3142, 134.0}, CREATION DATE: 2026-09-03T13:04:43.648969077+03:00[Europe/Moscow],
NUMBER OF PARTICIPANTS: 1234, ESTABLISHMENT DATE: 2026-09-03, MUSIC GENRE: PROGRESSIVE_ROCK,
FRONT MAN: Person{ NAME: Name, HEIGHT: 234.23, PASSPORT ID: sdkfl24, HAIR COLOR: ORANGE, Location{2.0, 2, 2.234}}
}
MusicBand{
ID: 2, NAME: Group, COORDINATES: Coordinates{1, 1.0}, CREATION DATE: 2026-06-08T19:50:47.620694857+03:00[Europe/Moscow],
NUMBER OF PARTICIPANTS: 2, ESTABLISHMENT DATE: 2026-06-08, MUSIC GENRE: ROCK,
FRONT MAN: Person{ NAME: Tvari, HEIGHT: 170.0, PASSPORT ID: 1241KDSKKS, HAIR COLOR: WHITE, Location{1.0, 1, 1.0}}
}
2026-09-03 13:32:25.098 [Thread-0] INFO  org.example.Server - сервер прекратил работу
2026-09-03 13:32:27.822 [main] INFO  org.example.Network.UDPServer - Сервер запущен на порту 24868
2026-09-03 13:32:33.836 [main] INFO  org.example.Network.UDPServer - пользователь /127.0.0.1:57055 отправил данные
2026-09-03 13:32:33.849 [main] INFO  org.example.Network.UDPServer - выполняется запрос Command{name='show', description='null', arguments='null'}
2026-09-03 13:32:33.902 [main] INFO  org.example.Network.UDPServer - ответ отправлен пользователю /127.0.0.1:57055,содержание:
[MusicBand{
ID: 2, NAME: Group, COORDINATES: Coordinates{1, 1.0}, CREATION DATE: 2026-06-08T19:50:47.620694857+03:00[Europe/Moscow],
NUMBER OF PARTICIPANTS: 2, ESTABLISHMENT DATE: 2026-06-08, MUSIC GENRE: ROCK,
FRONT MAN: Person{ NAME: Tvari, HEIGHT: 170.0, PASSPORT ID: 1241KDSKKS, HAIR COLOR: WHITE, Location{1.0, 1, 1.0}}
}, MusicBand{
ID: 3, NAME: Naame, COORDINATES: Coordinates{123, 1.0}, CREATION DATE: 2026-06-16T23:41:37.599419332+03:00[Europe/Moscow],
NUMBER OF PARTICIPANTS: 1, ESTABLISHMENT DATE: 2026-06-16, MUSIC GENRE: PROGRESSIVE_ROCK,
FRONT MAN: Person{ NAME: Hur, HEIGHT: 123.0, PASSPORT ID: 123, HAIR COLOR: BLUE, Location{1.0, 1, 3.0}}
}, MusicBand{
ID: 1, NAME: Pink Floyd, COORDINATES: Coordinates{100, 250.5}, CREATION DATE: 2024-03-15T10:30Z,
NUMBER OF PARTICIPANTS: 5, ESTABLISHMENT DATE: 1965-10-15, MUSIC GENRE: PROGRESSIVE_ROCK,
FRONT MAN: Person{ NAME: David Gilmour, HEIGHT: 175.5, PASSPORT ID: AB1234567, HAIR COLOR: BLUE, Location{55.7558, 3761750, 156.0}}
}, MusicBand{
ID: 4, NAME: galdjlasf, COORDINATES: Coordinates{3142, 134.0}, CREATION DATE: 2026-09-03T13:04:43.648969077+03:00[Europe/Moscow],
NUMBER OF PARTICIPANTS: 1234, ESTABLISHMENT DATE: 2026-09-03, MUSIC GENRE: PROGRESSIVE_ROCK,
FRONT MAN: Person{ NAME: Name, HEIGHT: 234.23, PASSPORT ID: sdkfl24, HAIR COLOR: ORANGE, Location{2.0, 2, 2.234}}
}]
2026-09-03 13:34:53.707 [Thread-0] INFO  org.example.Server - сервер прекратил работу
2026-09-03 13:34:56.102 [main] INFO  org.example.Network.UDPServer - Сервер запущен на порту 24868
2026-09-03 13:34:58.803 [main] INFO  org.example.Network.UDPServer - пользователь /127.0.0.1:57055 отправил данные
2026-09-03 13:34:58.818 [main] INFO  org.example.Network.UDPServer - выполняется запрос Command{name='show', description='null', arguments='null'}
2026-09-03 13:34:58.877 [main] INFO  org.example.Network.UDPServer - ответ отправлен пользователю /127.0.0.1:57055,содержание:
[MusicBand{
ID: 4, NAME: galdjlasf, COORDINATES: Coordinates{3142, 134.0}, CREATION DATE: 2026-09-03T13:04:43.648969077+03:00[Europe/Moscow],
NUMBER OF PARTICIPANTS: 1234, ESTABLISHMENT DATE: 2026-09-03, MUSIC GENRE: PROGRESSIVE_ROCK,
FRONT MAN: Person{ NAME: Name, HEIGHT: 234.23, PASSPORT ID: sdkfl24, HAIR COLOR: ORANGE, Location{2.0, 2, 2.234}}
}, MusicBand{
ID: 2, NAME: Group, COORDINATES: Coordinates{1, 1.0}, CREATION DATE: 2026-06-08T19:50:47.620694857+03:00[Europe/Moscow],
NUMBER OF PARTICIPANTS: 2, ESTABLISHMENT DATE: 2026-06-08, MUSIC GENRE: ROCK,
FRONT MAN: Person{ NAME: Tvari, HEIGHT: 170.0, PASSPORT ID: 1241KDSKKS, HAIR COLOR: WHITE, Location{1.0, 1, 1.0}}
}, MusicBand{
ID: 3, NAME: Naame, COORDINATES: Coordinates{123, 1.0}, CREATION DATE: 2026-06-16T23:41:37.599419332+03:00[Europe/Moscow],
NUMBER OF PARTICIPANTS: 1, ESTABLISHMENT DATE: 2026-06-16, MUSIC GENRE: PROGRESSIVE_ROCK,
FRONT MAN: Person{ NAME: Hur, HEIGHT: 123.0, PASSPORT ID: 123, HAIR COLOR: BLUE, Location{1.0, 1, 3.0}}
}, MusicBand{
ID: 1, NAME: Pink Floyd, COORDINATES: Coordinates{100, 250.5}, CREATION DATE: 2024-03-15T10:30Z,
NUMBER OF PARTICIPANTS: 5, ESTABLISHMENT DATE: 1965-10-15, MUSIC GENRE: PROGRESSIVE_ROCK,
FRONT MAN: Person{ NAME: David Gilmour, HEIGHT: 175.5, PASSPORT ID: AB1234567, HAIR COLOR: BLUE, Location{55.7558, 3761750, 156.0}}
}]
2026-09-03 13:37:42.019 [main] INFO  org.example.Network.UDPServer - пользователь /127.0.0.1:57055 отправил данные
2026-09-03 13:37:42.026 [main] INFO  org.example.Network.UDPServer - выполняется запрос Command{name='add', description='null', arguments='[Ljava.lang.String;@8462f31'}
2026-09-03 13:37:42.040 [main] INFO  o.example.Menegers.CollectionManager - добавлена музыкальная группа:MusicBand{
ID: 5, NAME: 3, COORDINATES: Coordinates{324, 234.0}, CREATION DATE: 2026-09-03T13:35:20.383198730+03:00[Europe/Moscow],
NUMBER OF PARTICIPANTS: 23, ESTABLISHMENT DATE: 2026-09-03, MUSIC GENRE: ROCK,
FRONT MAN: Person{ NAME: Normalname, HEIGHT: 234.0, PASSPORT ID: 24kasfkl3411, HAIR COLOR: WHITE, Location{23.4, 43, 3.4}}
}
2026-09-03 13:37:42.064 [main] INFO  o.example.Menegers.CollectionManager - коллекция сохранена
2026-09-03 13:37:42.065 [main] INFO  org.example.Network.UDPServer - ответ отправлен пользователю /127.0.0.1:57055,содержание:
Музыкальная группа успешно добавлена
2026-09-03 13:58:05.483 [Thread-0] INFO  org.example.Server - сервер прекратил работу
2026-09-03 13:58:46.813 [main] INFO  org.example.Network.UDPServer - Сервер запущен на порту 24868
2026-09-03 13:58:57.055 [main] INFO  org.example.Network.UDPServer - пользователь /127.0.0.1:44961 отправил данные
2026-09-03 13:58:57.061 [main] INFO  org.example.Network.UDPServer - выполняется запрос Command{name='fcn', description='null', arguments='[Ljava.lang.String;@6e6f2380'}
2026-09-03 13:58:57.098 [main] INFO  org.example.Network.UDPServer - ответ отправлен пользователю /127.0.0.1:44961,содержание:
MusicBand{
ID: 1, NAME: Pink Floyd, COORDINATES: Coordinates{100, 250.5}, CREATION DATE: 2024-03-15T10:30Z,
NUMBER OF PARTICIPANTS: 5, ESTABLISHMENT DATE: 1965-10-15, MUSIC GENRE: PROGRESSIVE_ROCK,
FRONT MAN: Person{ NAME: David Gilmour, HEIGHT: 175.5, PASSPORT ID: AB1234567, HAIR COLOR: BLUE, Location{55.7558, 3761750, 156.0}}
}
2026-09-03 13:59:12.386 [main] INFO  org.example.Network.UDPServer - пользователь /127.0.0.1:44961 отправил данные
2026-09-03 13:59:12.396 [main] INFO  org.example.Network.UDPServer - выполняется запрос Command{name='fcn', description='null', arguments='[Ljava.lang.String;@5ddeb7cb'}
2026-09-03 13:59:12.397 [main] INFO  org.example.Network.UDPServer - ответ отправлен пользователю /127.0.0.1:44961,содержание:
Группы с таким именем не нашлось
2026-09-03 13:59:21.631 [main] INFO  org.example.Network.UDPServer - пользователь /127.0.0.1:44961 отправил данные
2026-09-03 13:59:21.640 [main] INFO  org.example.Network.UDPServer - выполняется запрос Command{name='fcn', description='null', arguments='[Ljava.lang.String;@7188af83'}
2026-09-03 13:59:21.642 [main] INFO  org.example.Network.UDPServer - ответ отправлен пользователю /127.0.0.1:44961,содержание:
MusicBand{
ID: 4, NAME: galdjlasf, COORDINATES: Coordinates{3142, 134.0}, CREATION DATE: 2026-09-03T13:04:43.648969077+03:00[Europe/Moscow],
NUMBER OF PARTICIPANTS: 1234, ESTABLISHMENT DATE: 2026-09-03, MUSIC GENRE: PROGRESSIVE_ROCK,
FRONT MAN: Person{ NAME: Name, HEIGHT: 234.23, PASSPORT ID: sdkfl24, HAIR COLOR: ORANGE, Location{2.0, 2, 2.234}}
}
2026-09-03 13:59:41.433 [main] INFO  org.example.Network.UDPServer - пользователь /127.0.0.1:44961 отправил данные
2026-09-03 13:59:41.440 [main] INFO  org.example.Network.UDPServer - выполняется запрос Command{name='fcn', description='null', arguments='[Ljava.lang.String;@1033576a'}
2026-09-03 13:59:41.442 [main] INFO  org.example.Network.UDPServer - ответ отправлен пользователю /127.0.0.1:44961,содержание:
MusicBand{
ID: 4, NAME: galdjlasf, COORDINATES: Coordinates{3142, 134.0}, CREATION DATE: 2026-09-03T13:04:43.648969077+03:00[Europe/Moscow],
NUMBER OF PARTICIPANTS: 1234, ESTABLISHMENT DATE: 2026-09-03, MUSIC GENRE: PROGRESSIVE_ROCK,
FRONT MAN: Person{ NAME: Name, HEIGHT: 234.23, PASSPORT ID: sdkfl24, HAIR COLOR: ORANGE, Location{2.0, 2, 2.234}}
}
MusicBand{
ID: 3, NAME: Naame, COORDINATES: Coordinates{123, 1.0}, CREATION DATE: 2026-06-16T23:41:37.599419332+03:00[Europe/Moscow],
NUMBER OF PARTICIPANTS: 1, ESTABLISHMENT DATE: 2026-06-16, MUSIC GENRE: PROGRESSIVE_ROCK,
FRONT MAN: Person{ NAME: Hur, HEIGHT: 123.0, PASSPORT ID: 123, HAIR COLOR: BLUE, Location{1.0, 1, 3.0}}
}
2026-09-03 14:08:24.678 [Thread-0] INFO  org.example.Server - сервер прекратил работу
2026-09-03 14:08:27.198 [main] INFO  org.example.Network.UDPServer - Сервер запущен на порту 24868
2026-09-03 14:46:28.375 [Thread-0] INFO  org.example.Server - сервер прекратил работу
2026-09-03 14:46:30.664 [main] INFO  org.example.Network.UDPServer - Сервер запущен на порту 24868
2026-09-03 14:46:39.775 [main] INFO  org.example.Network.UDPServer - пользователь /127.0.0.1:47401 отправил данные
2026-09-03 14:46:39.781 [main] INFO  org.example.Network.UDPServer - выполняется запрос Command{name='help', description='null', arguments='null'}
2026-09-03 14:46:39.793 [main] INFO  org.example.Network.UDPServer - ответ отправлен пользователю /127.0.0.1:47401,содержание:
add: добавить новый элемент в коллекцию. Команда от одного аргумента - добавить по XML
от девяти аргументов - явно задать параметры, без аргументов - интерактивный режим
fsn: fstarts_with_name: вывести элементы, значение поля name которых начинается с заданной подстроки
aifm: add_if_min: добавить новый элемент в коллекцию, если его значение меньше, чем у наименьшего элемента этой коллекции
clear: очистить коллекцию
show: показать информацию о коллекции
save: сохранить коллекцию в файл
rmg: remove_greater: удалить из коллекции все элементы, превышающие заданный
execute: считать и исполнить скрипт из указанного файла. В скрипте содержатся команды в таком же виде, в котором их вводит пользователь в интерактивном режиме.
rmi: remove_by_id :удалить элемент из коллекции по его id
fcn: filter_contains_name: вывести элементы, значение поля name которых содержит заданную подстроку
rml: remove_lower: удалить из коллекции все элементы, меньшие, чем заданный
help: вывести справку по доступным командам
ubi: update_by_id: обновить значение элемента коллекции, id которого равен заданному
info: вывести в стандартный поток вывода информацию о коллекции
group: сгруппировать элементы коллекции по значению поля creationDate, вывести количество элементов в каждой группе
2026-09-03 22:24:23.387 [Thread-0] INFO  org.example.Server - сервер прекратил работу
2026-09-06 20:03:47.862 [main] INFO  org.example.Network.UDPServer - Сервер запущен на порту 24868
2026-09-06 20:04:39.480 [main] INFO  org.example.Network.UDPServer - пользователь /127.0.0.1:60717 отправил данные
2026-09-06 20:04:39.490 [main] INFO  org.example.Network.UDPServer - выполняется запрос Command{name='help', description='null', arguments='null'}
2026-09-06 20:04:39.505 [main] INFO  org.example.Network.UDPServer - ответ отправлен пользователю /127.0.0.1:60717,содержание:
add: добавить новый элемент в коллекцию. Команда от одного аргумента - добавить по XML
от девяти аргументов - явно задать параметры, без аргументов - интерактивный режим
fsn: fstarts_with_name: вывести элементы, значение поля name которых начинается с заданной подстроки
aifm: add_if_min: добавить новый элемент в коллекцию, если его значение меньше, чем у наименьшего элемента этой коллекции
clear: очистить коллекцию
show: показать информацию о коллекции
save: сохранить коллекцию в файл
rmg: remove_greater: удалить из коллекции все элементы, превышающие заданный
execute: считать и исполнить скрипт из указанного файла. В скрипте содержатся команды в таком же виде, в котором их вводит пользователь в интерактивном режиме.
rmi: remove_by_id :удалить элемент из коллекции по его id
fcn: filter_contains_name: вывести элементы, значение поля name которых содержит заданную подстроку
rml: remove_lower: удалить из коллекции все элементы, меньшие, чем заданный
help: вывести справку по доступным командам
ubi: update_by_id: обновить значение элемента коллекции, id которого равен заданному
info: вывести в стандартный поток вывода информацию о коллекции
group: сгруппировать элементы коллекции по значению поля creationDate, вывести количество элементов в каждой группе
2026-09-06 20:15:03.619 [main] INFO  org.example.Network.UDPServer - пользователь /127.0.0.1:38312 отправил данные
2026-09-06 20:15:03.623 [main] INFO  org.example.Network.UDPServer - выполняется запрос Command{name='cid', description='null', arguments='[Ljava.lang.String;@712625fd'}
2026-09-06 20:15:05.622 [main] INFO  org.example.Network.UDPServer - пользователь /127.0.0.1:38312 отправил данные
2026-09-06 20:15:05.629 [main] INFO  org.example.Network.UDPServer - выполняется запрос Command{name='cid', description='null', arguments='[Ljava.lang.String;@742ff096'}
2026-09-06 20:15:07.653 [main] INFO  org.example.Network.UDPServer - пользователь /127.0.0.1:38312 отправил данные
2026-09-06 20:15:07.660 [main] INFO  org.example.Network.UDPServer - выполняется запрос Command{name='cid', description='null', arguments='[Ljava.lang.String;@350aac89'}
2026-09-06 20:15:09.655 [main] INFO  org.example.Network.UDPServer - пользователь /127.0.0.1:38312 отправил данные
2026-09-06 20:15:09.660 [main] INFO  org.example.Network.UDPServer - выполняется запрос Command{name='cid', description='null', arguments='[Ljava.lang.String;@17f9d882'}
2026-09-06 20:15:11.657 [main] INFO  org.example.Network.UDPServer - пользователь /127.0.0.1:38312 отправил данные
2026-09-06 20:15:11.663 [main] INFO  org.example.Network.UDPServer - выполняется запрос Command{name='cid', description='null', arguments='[Ljava.lang.String;@196a42c3'}
2026-09-06 20:23:53.038 [main] INFO  org.example.Network.UDPServer - пользователь /127.0.0.1:55885 отправил данные
2026-09-06 20:23:53.041 [main] INFO  org.example.Network.UDPServer - выполняется запрос Command{name='help', description='null', arguments='null'}
2026-09-06 20:23:53.042 [main] INFO  org.example.Network.UDPServer - ответ отправлен пользователю /127.0.0.1:55885,содержание:
add: добавить новый элемент в коллекцию. Команда от одного аргумента - добавить по XML
от девяти аргументов - явно задать параметры, без аргументов - интерактивный режим
fsn: fstarts_with_name: вывести элементы, значение поля name которых начинается с заданной подстроки
aifm: add_if_min: добавить новый элемент в коллекцию, если его значение меньше, чем у наименьшего элемента этой коллекции
clear: очистить коллекцию
show: показать информацию о коллекции
save: сохранить коллекцию в файл
rmg: remove_greater: удалить из коллекции все элементы, превышающие заданный
execute: считать и исполнить скрипт из указанного файла. В скрипте содержатся команды в таком же виде, в котором их вводит пользователь в интерактивном режиме.
rmi: remove_by_id :удалить элемент из коллекции по его id
fcn: filter_contains_name: вывести элементы, значение поля name которых содержит заданную подстроку
rml: remove_lower: удалить из коллекции все элементы, меньшие, чем заданный
help: вывести справку по доступным командам
ubi: update_by_id: обновить значение элемента коллекции, id которого равен заданному
info: вывести в стандартный поток вывода информацию о коллекции
group: сгруппировать элементы коллекции по значению поля creationDate, вывести количество элементов в каждой группе
2026-09-06 20:24:19.411 [main] INFO  org.example.Network.UDPServer - пользователь /127.0.0.1:55885 отправил данные
2026-09-06 20:24:19.417 [main] INFO  org.example.Network.UDPServer - выполняется запрос Command{name='cid', description='null', arguments='[Ljava.lang.String;@4b29d1d2'}
2026-09-06 20:24:21.414 [main] INFO  org.example.Network.UDPServer - пользователь /127.0.0.1:55885 отправил данные
2026-09-06 20:24:21.419 [main] INFO  org.example.Network.UDPServer - выполняется запрос Command{name='cid', description='null', arguments='[Ljava.lang.String;@28261e8e'}
2026-09-06 20:24:23.415 [main] INFO  org.example.Network.UDPServer - пользователь /127.0.0.1:55885 отправил данные
2026-09-06 20:24:23.421 [main] INFO  org.example.Network.UDPServer - выполняется запрос Command{name='cid', description='null', arguments='[Ljava.lang.String;@8519cb4'}
2026-09-06 20:24:25.417 [main] INFO  org.example.Network.UDPServer - пользователь /127.0.0.1:55885 отправил данные
2026-09-06 20:24:25.422 [main] INFO  org.example.Network.UDPServer - выполняется запрос Command{name='cid', description='null', arguments='[Ljava.lang.String;@2d901eb0'}
2026-09-06 20:24:27.419 [main] INFO  org.example.Network.UDPServer - пользователь /127.0.0.1:55885 отправил данные
2026-09-06 20:24:27.425 [main] INFO  org.example.Network.UDPServer - выполняется запрос Command{name='cid', description='null', arguments='[Ljava.lang.String;@3f191845'}
2026-09-06 20:25:58.399 [main] INFO  org.example.Network.UDPServer - пользователь /127.0.0.1:40044 отправил данные
2026-09-06 20:25:58.404 [main] INFO  org.example.Network.UDPServer - выполняется запрос Command{name='help', description='null', arguments='null'}
2026-09-06 20:25:58.405 [main] INFO  org.example.Network.UDPServer - ответ отправлен пользователю /127.0.0.1:40044,содержание:
add: добавить новый элемент в коллекцию. Команда от одного аргумента - добавить по XML
от девяти аргументов - явно задать параметры, без аргументов - интерактивный режим
fsn: fstarts_with_name: вывести элементы, значение поля name которых начинается с заданной подстроки
aifm: add_if_min: добавить новый элемент в коллекцию, если его значение меньше, чем у наименьшего элемента этой коллекции
clear: очистить коллекцию
show: показать информацию о коллекции
save: сохранить коллекцию в файл
rmg: remove_greater: удалить из коллекции все элементы, превышающие заданный
execute: считать и исполнить скрипт из указанного файла. В скрипте содержатся команды в таком же виде, в котором их вводит пользователь в интерактивном режиме.
rmi: remove_by_id :удалить элемент из коллекции по его id
fcn: filter_contains_name: вывести элементы, значение поля name которых содержит заданную подстроку
rml: remove_lower: удалить из коллекции все элементы, меньшие, чем заданный
help: вывести справку по доступным командам
ubi: update_by_id: обновить значение элемента коллекции, id которого равен заданному
info: вывести в стандартный поток вывода информацию о коллекции
group: сгруппировать элементы коллекции по значению поля creationDate, вывести количество элементов в каждой группе
2026-09-06 20:26:01.768 [main] INFO  org.example.Network.UDPServer - пользователь /127.0.0.1:40044 отправил данные
2026-09-06 20:26:01.776 [main] INFO  org.example.Network.UDPServer - выполняется запрос Command{name='cid', description='null', arguments='[Ljava.lang.String;@7a35b0f5'}
2026-09-06 20:26:03.770 [main] INFO  org.example.Network.UDPServer - пользователь /127.0.0.1:40044 отправил данные
2026-09-06 20:26:03.785 [main] INFO  org.example.Network.UDPServer - выполняется запрос Command{name='cid', description='null', arguments='[Ljava.lang.String;@4bdeaabb'}
2026-09-06 20:26:05.773 [main] INFO  org.example.Network.UDPServer - пользователь /127.0.0.1:40044 отправил данные
2026-09-06 20:26:05.778 [main] INFO  org.example.Network.UDPServer - выполняется запрос Command{name='cid', description='null', arguments='[Ljava.lang.String;@65987993'}
2026-09-06 20:26:07.775 [main] INFO  org.example.Network.UDPServer - пользователь /127.0.0.1:40044 отправил данные
2026-09-06 20:26:07.780 [main] INFO  org.example.Network.UDPServer - выполняется запрос Command{name='cid', description='null', arguments='[Ljava.lang.String;@4f32a3ad'}
2026-09-06 20:26:09.777 [main] INFO  org.example.Network.UDPServer - пользователь /127.0.0.1:40044 отправил данные
2026-09-06 20:26:09.783 [main] INFO  org.example.Network.UDPServer - выполняется запрос Command{name='cid', description='null', arguments='[Ljava.lang.String;@4d1bf319'}
2026-09-06 20:29:29.054 [main] INFO  org.example.Network.UDPServer - пользователь /127.0.0.1:55716 отправил данные
2026-09-06 20:29:29.057 [main] INFO  org.example.Network.UDPServer - выполняется запрос Command{name='cid', description='1', arguments='null'}
2026-09-06 20:29:31.056 [main] INFO  org.example.Network.UDPServer - пользователь /127.0.0.1:55716 отправил данные
2026-09-06 20:29:31.062 [main] INFO  org.example.Network.UDPServer - выполняется запрос Command{name='cid', description='1', arguments='null'}
2026-09-06 20:29:33.062 [main] INFO  org.example.Network.UDPServer - пользователь /127.0.0.1:55716 отправил данные
2026-09-06 20:29:33.066 [main] INFO  org.example.Network.UDPServer - выполняется запрос Command{name='cid', description='1', arguments='null'}
2026-09-06 20:29:35.063 [main] INFO  org.example.Network.UDPServer - пользователь /127.0.0.1:55716 отправил данные
2026-09-06 20:29:35.068 [main] INFO  org.example.Network.UDPServer - выполняется запрос Command{name='cid', description='1', arguments='null'}
2026-09-06 20:29:37.066 [main] INFO  org.example.Network.UDPServer - пользователь /127.0.0.1:55716 отправил данные
2026-09-06 20:29:37.070 [main] INFO  org.example.Network.UDPServer - выполняется запрос Command{name='cid', description='1', arguments='null'}
2026-09-06 20:32:08.439 [main] INFO  org.example.Network.UDPServer - пользователь /127.0.0.1:50319 отправил данные
2026-09-06 20:32:08.442 [main] INFO  org.example.Network.UDPServer - выполняется запрос Command{name='cid', description='null', arguments='[Ljava.lang.String;@673fdbce'}
2026-09-06 20:32:10.441 [main] INFO  org.example.Network.UDPServer - пользователь /127.0.0.1:50319 отправил данные
2026-09-06 20:32:10.446 [main] INFO  org.example.Network.UDPServer - выполняется запрос Command{name='cid', description='null', arguments='[Ljava.lang.String;@7a5ceedd'}
2026-09-06 20:32:12.447 [main] INFO  org.example.Network.UDPServer - пользователь /127.0.0.1:50319 отправил данные
2026-09-06 20:32:12.453 [main] INFO  org.example.Network.UDPServer - выполняется запрос Command{name='cid', description='null', arguments='[Ljava.lang.String;@5b799640'}
2026-09-06 20:32:14.448 [main] INFO  org.example.Network.UDPServer - пользователь /127.0.0.1:50319 отправил данные
2026-09-06 20:32:14.454 [main] INFO  org.example.Network.UDPServer - выполняется запрос Command{name='cid', description='null', arguments='[Ljava.lang.String;@710636b0'}
2026-09-06 20:32:16.450 [main] INFO  org.example.Network.UDPServer - пользователь /127.0.0.1:50319 отправил данные
2026-09-06 20:32:16.454 [main] INFO  org.example.Network.UDPServer - выполняется запрос Command{name='cid', description='null', arguments='[Ljava.lang.String;@2ab4bc72'}
2026-09-06 20:33:29.592 [Thread-0] INFO  org.example.Server - сервер прекратил работу
2026-09-06 20:33:32.366 [main] INFO  org.example.Network.UDPServer - Сервер запущен на порту 24868
2026-09-06 20:33:35.833 [main] INFO  org.example.Network.UDPServer - пользователь /127.0.0.1:50319 отправил данные
2026-09-06 20:33:35.842 [main] INFO  org.example.Network.UDPServer - выполняется запрос Command{name='help', description='null', arguments='null'}
2026-09-06 20:33:35.859 [main] INFO  org.example.Network.UDPServer - ответ отправлен пользователю /127.0.0.1:50319,содержание:
add: добавить новый элемент в коллекцию. Команда от одного аргумента - добавить по XML
от девяти аргументов - явно задать параметры, без аргументов - интерактивный режим
fsn: fstarts_with_name: вывести элементы, значение поля name которых начинается с заданной подстроки
aifm: add_if_min: добавить новый элемент в коллекцию, если его значение меньше, чем у наименьшего элемента этой коллекции
clear: очистить коллекцию
show: показать информацию о коллекции
save: сохранить коллекцию в файл
rmg: remove_greater: удалить из коллекции все элементы, превышающие заданный
execute: считать и исполнить скрипт из указанного файла. В скрипте содержатся команды в таком же виде, в котором их вводит пользователь в интерактивном режиме.
rmi: remove_by_id :удалить элемент из коллекции по его id
fcn: filter_contains_name: вывести элементы, значение поля name которых содержит заданную подстроку
rml: remove_lower: удалить из коллекции все элементы, меньшие, чем заданный
help: вывести справку по доступным командам
ubi: update_by_id: обновить значение элемента коллекции, id которого равен заданному
info: вывести в стандартный поток вывода информацию о коллекции
group: сгруппировать элементы коллекции по значению поля creationDate, вывести количество элементов в каждой группе
2026-09-06 20:33:41.625 [main] INFO  org.example.Network.UDPServer - пользователь /127.0.0.1:50319 отправил данные
2026-09-06 20:33:41.634 [main] INFO  org.example.Network.UDPServer - выполняется запрос Command{name='cid', description='null', arguments='[Ljava.lang.String;@7bba5817'}
2026-09-06 20:33:41.635 [main] INFO  org.example.Network.UDPServer - ответ отправлен пользователю /127.0.0.1:50319,содержание:
true
2026-09-06 20:39:04.050 [main] INFO  org.example.Network.UDPServer - пользователь /127.0.0.1:50319 отправил данные
2026-09-06 20:39:04.057 [main] INFO  org.example.Network.UDPServer - выполняется запрос Command{name='ubi', description='null', arguments='[Ljava.lang.String;@350aac89'}
2026-09-06 20:39:04.060 [Thread-0] INFO  org.example.Server - сервер прекратил работу
2026-09-06 20:42:24.967 [main] INFO  org.example.Network.UDPServer - Сервер запущен на порту 24868
2026-09-06 20:42:30.981 [main] INFO  org.example.Network.UDPServer - пользователь /127.0.0.1:50319 отправил данные
2026-09-06 20:42:30.992 [main] INFO  org.example.Network.UDPServer - выполняется запрос Command{name='cid', description='null', arguments='[Ljava.lang.String;@6892b3b6'}
2026-09-06 20:42:31.008 [main] INFO  org.example.Network.UDPServer - ответ отправлен пользователю /127.0.0.1:50319,содержание:
true
2026-09-06 20:42:54.114 [main] INFO  org.example.Network.UDPServer - пользователь /127.0.0.1:51985 отправил данные
2026-09-06 20:42:54.118 [main] INFO  org.example.Network.UDPServer - выполняется запрос Command{name='cid', description='null', arguments='[Ljava.lang.String;@7bba5817'}
2026-09-06 20:42:54.119 [main] INFO  org.example.Network.UDPServer - ответ отправлен пользователю /127.0.0.1:51985,содержание:
true
2026-09-06 20:44:08.650 [main] INFO  org.example.Network.UDPServer - пользователь /127.0.0.1:51985 отправил данные
2026-09-06 20:44:08.656 [main] INFO  org.example.Network.UDPServer - выполняется запрос Command{name='ubi', description='null', arguments='[Ljava.lang.String;@350aac89'}
2026-09-06 20:44:08.665 [main] INFO  org.example.Network.UDPServer - ответ отправлен пользователю /127.0.0.1:51985,содержание:
Музыкальная группа обновлена
2026-09-06 20:46:03.630 [Thread-0] INFO  org.example.Server - сервер прекратил работу
2026-09-06 20:47:14.940 [main] INFO  org.example.Network.UDPServer - Сервер запущен на порту 24868
2026-09-06 20:47:22.118 [main] INFO  org.example.Network.UDPServer - пользователь /127.0.0.1:51985 отправил данные
2026-09-06 20:47:22.131 [main] INFO  org.example.Network.UDPServer - выполняется запрос Command{name='cid', description='null', arguments='[Ljava.lang.String;@6892b3b6'}
2026-09-06 20:47:22.146 [main] INFO  org.example.Network.UDPServer - ответ отправлен пользователю /127.0.0.1:51985,содержание:
false
2026-09-06 20:47:27.585 [main] INFO  org.example.Network.UDPServer - пользователь /127.0.0.1:51985 отправил данные
2026-09-06 20:47:27.595 [main] INFO  org.example.Network.UDPServer - выполняется запрос Command{name='cid', description='null', arguments='[Ljava.lang.String;@7bba5817'}
2026-09-06 20:47:27.596 [main] INFO  org.example.Network.UDPServer - ответ отправлен пользователю /127.0.0.1:51985,содержание:
false
2026-09-06 20:47:30.414 [main] INFO  org.example.Network.UDPServer - пользователь /127.0.0.1:51985 отправил данные
2026-09-06 20:47:30.421 [main] INFO  org.example.Network.UDPServer - выполняется запрос Command{name='cid', description='null', arguments='[Ljava.lang.String;@350aac89'}
2026-09-06 20:47:30.422 [main] INFO  org.example.Network.UDPServer - ответ отправлен пользователю /127.0.0.1:51985,содержание:
true
2026-09-06 20:48:16.190 [main] INFO  org.example.Network.UDPServer - пользователь /127.0.0.1:51985 отправил данные
2026-09-06 20:48:16.199 [main] INFO  org.example.Network.UDPServer - выполняется запрос Command{name='ubi', description='null', arguments='[Ljava.lang.String;@79e4c792'}
2026-09-06 20:48:16.259 [main] INFO  o.example.Menegers.CollectionManager - коллекция сохранена
2026-09-06 20:48:16.260 [main] INFO  org.example.Network.UDPServer - ответ отправлен пользователю /127.0.0.1:51985,содержание:
Музыкальная группа обновлена
2026-09-06 20:48:46.094 [Thread-0] INFO  org.example.Server - сервер прекратил работу
2026-09-07 00:00:50.607 [main] INFO  org.example.Network.UDPServer - Сервер запущен на порту 24868
2026-09-07 00:00:58.985 [main] INFO  org.example.Network.UDPServer - пользователь /127.0.0.1:59985 отправил данные
2026-09-07 00:00:58.989 [main] INFO  org.example.Network.UDPServer - выполняется запрос Command{name='help', description='null', arguments='null'}
2026-09-07 00:00:58.998 [main] INFO  org.example.Network.UDPServer - ответ отправлен пользователю /127.0.0.1:59985,содержание:
add: добавить новый элемент в коллекцию. Команда от одного аргумента - добавить по XML
от девяти аргументов - явно задать параметры, без аргументов - интерактивный режим
fsn: fstarts_with_name: вывести элементы, значение поля name которых начинается с заданной подстроки
aifm: add_if_min: добавить новый элемент в коллекцию, если его значение меньше, чем у наименьшего элемента этой коллекции
clear: очистить коллекцию
show: показать информацию о коллекции
save: сохранить коллекцию в файл
rmg: remove_greater: удалить из коллекции все элементы, превышающие заданный
execute: считать и исполнить скрипт из указанного файла. В скрипте содержатся команды в таком же виде, в котором их вводит пользователь в интерактивном режиме.
rmi: remove_by_id :удалить элемент из коллекции по его id
fcn: filter_contains_name: вывести элементы, значение поля name которых содержит заданную подстроку
rml: remove_lower: удалить из коллекции все элементы, меньшие, чем заданный
help: вывести справку по доступным командам
ubi: update_by_id: обновить значение элемента коллекции, id которого равен заданному
info: вывести в стандартный поток вывода информацию о коллекции
group: сгруппировать элементы коллекции по значению поля creationDate, вывести количество элементов в каждой группе
2026-09-07 00:01:03.505 [main] INFO  org.example.Network.UDPServer - пользователь /127.0.0.1:59985 отправил данные
2026-09-07 00:01:03.507 [main] INFO  org.example.Network.UDPServer - выполняется запрос Command{name='cid', description='null', arguments='[Ljava.lang.String;@7bba5817'}
2026-09-07 00:01:03.508 [main] INFO  org.example.Network.UDPServer - ответ отправлен пользователю /127.0.0.1:59985,содержание:
false
2026-09-07 00:01:10.750 [main] INFO  org.example.Network.UDPServer - пользователь /127.0.0.1:59985 отправил данные
2026-09-07 00:01:10.755 [main] INFO  org.example.Network.UDPServer - выполняется запрос Command{name='cid', description='null', arguments='[Ljava.lang.String;@350aac89'}
2026-09-07 00:01:10.755 [main] INFO  org.example.Network.UDPServer - ответ отправлен пользователю /127.0.0.1:59985,содержание:
true
2026-09-07 00:01:51.653 [main] INFO  org.example.Network.UDPServer - пользователь /127.0.0.1:59985 отправил данные
2026-09-07 00:01:51.657 [main] INFO  org.example.Network.UDPServer - выполняется запрос Command{name='ubi', description='null', arguments='[Ljava.lang.String;@79e4c792'}
2026-09-07 00:01:51.672 [main] INFO  o.example.Menegers.CollectionManager - коллекция сохранена
2026-09-07 00:01:51.672 [main] INFO  org.example.Network.UDPServer - ответ отправлен пользователю /127.0.0.1:59985,содержание:
Музыкальная группа обновлена
2026-09-07 00:01:58.056 [main] INFO  org.example.Network.UDPServer - пользователь /127.0.0.1:59985 отправил данные
2026-09-07 00:01:58.061 [main] INFO  org.example.Network.UDPServer - выполняется запрос Command{name='show', description='null', arguments='null'}
2026-09-07 00:01:58.079 [main] INFO  org.example.Network.UDPServer - ответ отправлен пользователю /127.0.0.1:59985,содержание:
[MusicBand{
ID: 4, NAME: galdjlasf, COORDINATES: Coordinates{3142, 134.0}, CREATION DATE: 2026-09-03T13:04:43.648969077+03:00[Europe/Moscow],
NUMBER OF PARTICIPANTS: 1234, ESTABLISHMENT DATE: 2026-09-03, MUSIC GENRE: PROGRESSIVE_ROCK,
FRONT MAN: Person{ NAME: Name, HEIGHT: 234.23, PASSPORT ID: sdkfl24, HAIR COLOR: ORANGE, Location{2.0, 2, 2.234}}
}, MusicBand{
ID: 2, NAME: Group, COORDINATES: Coordinates{1, 1.0}, CREATION DATE: 2026-06-08T19:50:47.620694857+03:00[Europe/Moscow],
NUMBER OF PARTICIPANTS: 2, ESTABLISHMENT DATE: 2026-06-08, MUSIC GENRE: ROCK,
FRONT MAN: Person{ NAME: Tvari, HEIGHT: 170.0, PASSPORT ID: 1241KDSKKS, HAIR COLOR: WHITE, Location{1.0, 1, 1.0}}
}, MusicBand{
ID: 3, NAME: Loool, COORDINATES: Coordinates{1234, 2234.0}, CREATION DATE: 2026-09-06T20:48:16.210582999+03:00[Europe/Moscow],
NUMBER OF PARTICIPANTS: 2, ESTABLISHMENT DATE: 2026-09-06, MUSIC GENRE: SOUL,
FRONT MAN: Person{ NAME: Genius, HEIGHT: 174.0, PASSPORT ID: KFSDKF213KFK4224, HAIR COLOR: ORANGE, Location{12.55, -421, 43.44}}
}, MusicBand{
ID: 5, NAME: New brand, COORDINATES: Coordinates{23, 324.0}, CREATION DATE: 2026-09-07T00:01:51.660357277+03:00[Europe/Moscow],
NUMBER OF PARTICIPANTS: 321, ESTABLISHMENT DATE: 2026-09-07, MUSIC GENRE: PROGRESSIVE_ROCK,
FRONT MAN: Person{ NAME: Ya, HEIGHT: 187.0, PASSPORT ID: KFKK134KFSK, HAIR COLOR: BLUE, Location{1.0, 1234, -254245.0}}
}, MusicBand{
ID: 1, NAME: Pink Floyd, COORDINATES: Coordinates{100, 250.5}, CREATION DATE: 2024-03-15T10:30Z,
NUMBER OF PARTICIPANTS: 5, ESTABLISHMENT DATE: 1965-10-15, MUSIC GENRE: PROGRESSIVE_ROCK,
FRONT MAN: Person{ NAME: David Gilmour, HEIGHT: 175.5, PASSPORT ID: AB1234567, HAIR COLOR: BLUE, Location{55.7558, 3761750, 156.0}}
}]
2026-09-07 00:02:43.616 [main] INFO  org.example.Network.UDPServer - пользователь /127.0.0.1:59985 отправил данные
2026-09-07 00:02:43.621 [main] INFO  org.example.Network.UDPServer - выполняется запрос Command{name='info', description='null', arguments='null'}
2026-09-07 00:02:43.624 [main] INFO  org.example.Network.UDPServer - ответ отправлен пользователю /127.0.0.1:59985,содержание:
CollectionManager{size:5, дата инициализации: 2026-09-07T00:00:50.403434128+03:00[Europe/Moscow]}
2026-09-07 00:03:45.403 [main] INFO  org.example.Network.UDPServer - пользователь /127.0.0.1:59985 отправил данные
2026-09-07 00:03:45.410 [main] INFO  org.example.Network.UDPServer - выполняется запрос Command{name='cid', description='null', arguments='[Ljava.lang.String;@14fc5f04'}
2026-09-07 00:03:45.410 [main] INFO  org.example.Network.UDPServer - ответ отправлен пользователю /127.0.0.1:59985,содержание:
true
2026-09-07 00:05:28.580 [main] INFO  org.example.Network.UDPServer - пользователь /127.0.0.1:59985 отправил данные
2026-09-07 00:05:28.583 [main] INFO  org.example.Network.UDPServer - выполняется запрос Command{name='ubi', description='null', arguments='[Ljava.lang.String;@6a8658ff'}
2026-09-07 00:05:28.588 [main] INFO  o.example.Menegers.CollectionManager - коллекция сохранена
2026-09-07 00:05:28.588 [main] INFO  org.example.Network.UDPServer - ответ отправлен пользователю /127.0.0.1:59985,содержание:
Музыкальная группа обновлена
2026-09-07 00:05:33.799 [main] INFO  org.example.Network.UDPServer - пользователь /127.0.0.1:59985 отправил данные
2026-09-07 00:05:33.805 [main] INFO  org.example.Network.UDPServer - выполняется запрос Command{name='show', description='null', arguments='null'}
2026-09-07 00:05:33.808 [main] INFO  org.example.Network.UDPServer - ответ отправлен пользователю /127.0.0.1:59985,содержание:
[MusicBand{
ID: 2, NAME: Group, COORDINATES: Coordinates{1, 1.0}, CREATION DATE: 2026-06-08T19:50:47.620694857+03:00[Europe/Moscow],
NUMBER OF PARTICIPANTS: 2, ESTABLISHMENT DATE: 2026-06-08, MUSIC GENRE: ROCK,
FRONT MAN: Person{ NAME: Tvari, HEIGHT: 170.0, PASSPORT ID: 1241KDSKKS, HAIR COLOR: WHITE, Location{1.0, 1, 1.0}}
}, MusicBand{
ID: 3, NAME: Loool, COORDINATES: Coordinates{1234, 2234.0}, CREATION DATE: 2026-09-06T20:48:16.210582999+03:00[Europe/Moscow],
NUMBER OF PARTICIPANTS: 2, ESTABLISHMENT DATE: 2026-09-06, MUSIC GENRE: SOUL,
FRONT MAN: Person{ NAME: Genius, HEIGHT: 174.0, PASSPORT ID: KFSDKF213KFK4224, HAIR COLOR: ORANGE, Location{12.55, -421, 43.44}}
}, MusicBand{
ID: 5, NAME: New brand, COORDINATES: Coordinates{23, 324.0}, CREATION DATE: 2026-09-07T00:01:51.660357277+03:00[Europe/Moscow],
NUMBER OF PARTICIPANTS: 321, ESTABLISHMENT DATE: 2026-09-07, MUSIC GENRE: PROGRESSIVE_ROCK,
FRONT MAN: Person{ NAME: Ya, HEIGHT: 187.0, PASSPORT ID: KFKK134KFSK, HAIR COLOR: BLUE, Location{1.0, 1234, -254245.0}}
}, MusicBand{
ID: 1, NAME: Pink Floyd, COORDINATES: Coordinates{100, 250.5}, CREATION DATE: 2024-03-15T10:30Z,
NUMBER OF PARTICIPANTS: 5, ESTABLISHMENT DATE: 1965-10-15, MUSIC GENRE: PROGRESSIVE_ROCK,
FRONT MAN: Person{ NAME: David Gilmour, HEIGHT: 175.5, PASSPORT ID: AB1234567, HAIR COLOR: BLUE, Location{55.7558, 3761750, 156.0}}
}, MusicBand{
ID: 4, NAME: True band, COORDINATES: Coordinates{-24214, 1.24533333341E11}, CREATION DATE: 2026-09-07T00:05:28.585406592+03:00[Europe/Moscow],
NUMBER OF PARTICIPANTS: 2394592898, ESTABLISHMENT DATE: 2026-09-07, MUSIC GENRE: ROCK,
FRONT MAN: Person{ NAME: Ivan, HEIGHT: 234.0, PASSPORT ID: 11FDSKFKKSJFK93942, HAIR COLOR: WHITE, Location{1432.0, 2142, -0.1234}}
}]
2026-09-07 00:06:06.229 [main] INFO  org.example.Network.UDPServer - пользователь /127.0.0.1:59985 отправил данные
2026-09-07 00:06:06.236 [main] INFO  org.example.Network.UDPServer - выполняется запрос Command{name='show', description='null', arguments='null'}
2026-09-07 00:06:06.237 [main] INFO  org.example.Network.UDPServer - ответ отправлен пользователю /127.0.0.1:59985,содержание:
[MusicBand{
ID: 2, NAME: Group, COORDINATES: Coordinates{1, 1.0}, CREATION DATE: 2026-06-08T19:50:47.620694857+03:00[Europe/Moscow],
NUMBER OF PARTICIPANTS: 2, ESTABLISHMENT DATE: 2026-06-08, MUSIC GENRE: ROCK,
FRONT MAN: Person{ NAME: Tvari, HEIGHT: 170.0, PASSPORT ID: 1241KDSKKS, HAIR COLOR: WHITE, Location{1.0, 1, 1.0}}
}, MusicBand{
ID: 3, NAME: Loool, COORDINATES: Coordinates{1234, 2234.0}, CREATION DATE: 2026-09-06T20:48:16.210582999+03:00[Europe/Moscow],
NUMBER OF PARTICIPANTS: 2, ESTABLISHMENT DATE: 2026-09-06, MUSIC GENRE: SOUL,
FRONT MAN: Person{ NAME: Genius, HEIGHT: 174.0, PASSPORT ID: KFSDKF213KFK4224, HAIR COLOR: ORANGE, Location{12.55, -421, 43.44}}
}, MusicBand{
ID: 5, NAME: New brand, COORDINATES: Coordinates{23, 324.0}, CREATION DATE: 2026-09-07T00:01:51.660357277+03:00[Europe/Moscow],
NUMBER OF PARTICIPANTS: 321, ESTABLISHMENT DATE: 2026-09-07, MUSIC GENRE: PROGRESSIVE_ROCK,
FRONT MAN: Person{ NAME: Ya, HEIGHT: 187.0, PASSPORT ID: KFKK134KFSK, HAIR COLOR: BLUE, Location{1.0, 1234, -254245.0}}
}, MusicBand{
ID: 1, NAME: Pink Floyd, COORDINATES: Coordinates{100, 250.5}, CREATION DATE: 2024-03-15T10:30Z,
NUMBER OF PARTICIPANTS: 5, ESTABLISHMENT DATE: 1965-10-15, MUSIC GENRE: PROGRESSIVE_ROCK,
FRONT MAN: Person{ NAME: David Gilmour, HEIGHT: 175.5, PASSPORT ID: AB1234567, HAIR COLOR: BLUE, Location{55.7558, 3761750, 156.0}}
}, MusicBand{
ID: 4, NAME: True band, COORDINATES: Coordinates{-24214, 1.24533333341E11}, CREATION DATE: 2026-09-07T00:05:28.585406592+03:00[Europe/Moscow],
NUMBER OF PARTICIPANTS: 2394592898, ESTABLISHMENT DATE: 2026-09-07, MUSIC GENRE: ROCK,
FRONT MAN: Person{ NAME: Ivan, HEIGHT: 234.0, PASSPORT ID: 11FDSKFKKSJFK93942, HAIR COLOR: WHITE, Location{1432.0, 2142, -0.1234}}
}]
2026-09-07 00:06:25.549 [main] INFO  org.example.Network.UDPServer - пользователь /127.0.0.1:59985 отправил данные
2026-09-07 00:06:25.560 [main] INFO  org.example.Network.UDPServer - выполняется запрос Command{name='info', description='null', arguments='null'}
2026-09-07 00:06:25.560 [main] INFO  org.example.Network.UDPServer - ответ отправлен пользователю /127.0.0.1:59985,содержание:
CollectionManager{size:5, дата инициализации: 2026-09-07T00:00:50.403434128+03:00[Europe/Moscow]}
2026-09-07 00:19:11.095 [Thread-0] INFO  org.example.Server - сервер прекратил работу
2026-09-07 00:19:17.943 [main] INFO  org.example.Network.UDPServer - Сервер запущен на порту 24868
2026-09-07 00:19:21.210 [main] INFO  org.example.Network.UDPServer - пользователь /127.0.0.1:57202 отправил данные
2026-09-07 00:19:21.241 [main] INFO  org.example.Network.UDPServer - выполняется запрос Command{name='show', description='null', arguments='null'}
2026-09-07 00:19:21.264 [main] INFO  org.example.Network.UDPServer - ответ отправлен пользователю /127.0.0.1:57202,содержание:
[MusicBand{
ID: 2, NAME: Group, COORDINATES: Coordinates{1, 1.0}, CREATION DATE: 2026-06-08T19:50:47.620694857+03:00[Europe/Moscow],
NUMBER OF PARTICIPANTS: 2, ESTABLISHMENT DATE: 2026-06-08, MUSIC GENRE: ROCK,
FRONT MAN: Person{ NAME: Tvari, HEIGHT: 170.0, PASSPORT ID: 1241KDSKKS, HAIR COLOR: WHITE, Location{1.0, 1, 1.0}}
}, MusicBand{
ID: 3, NAME: Loool, COORDINATES: Coordinates{1234, 2234.0}, CREATION DATE: 2026-09-06T20:48:16.210582999+03:00[Europe/Moscow],
NUMBER OF PARTICIPANTS: 2, ESTABLISHMENT DATE: 2026-09-06, MUSIC GENRE: SOUL,
FRONT MAN: Person{ NAME: Genius, HEIGHT: 174.0, PASSPORT ID: KFSDKF213KFK4224, HAIR COLOR: ORANGE, Location{12.55, -421, 43.44}}
}, MusicBand{
ID: 5, NAME: New brand, COORDINATES: Coordinates{23, 324.0}, CREATION DATE: 2026-09-07T00:01:51.660357277+03:00[Europe/Moscow],
NUMBER OF PARTICIPANTS: 321, ESTABLISHMENT DATE: 2026-09-07, MUSIC GENRE: PROGRESSIVE_ROCK,
FRONT MAN: Person{ NAME: Ya, HEIGHT: 187.0, PASSPORT ID: KFKK134KFSK, HAIR COLOR: BLUE, Location{1.0, 1234, -254245.0}}
}, MusicBand{
ID: 1, NAME: Pink Floyd, COORDINATES: Coordinates{100, 250.5}, CREATION DATE: 2024-03-15T10:30Z,
NUMBER OF PARTICIPANTS: 5, ESTABLISHMENT DATE: 1965-10-15, MUSIC GENRE: PROGRESSIVE_ROCK,
FRONT MAN: Person{ NAME: David Gilmour, HEIGHT: 175.5, PASSPORT ID: AB1234567, HAIR COLOR: BLUE, Location{55.7558, 3761750, 156.0}}
}, MusicBand{
ID: 4, NAME: True band, COORDINATES: Coordinates{-24214, 1.24533333341E11}, CREATION DATE: 2026-09-07T00:05:28.585406592+03:00[Europe/Moscow],
NUMBER OF PARTICIPANTS: 2394592898, ESTABLISHMENT DATE: 2026-09-07, MUSIC GENRE: ROCK,
FRONT MAN: Person{ NAME: Ivan, HEIGHT: 234.0, PASSPORT ID: 11FDSKFKKSJFK93942, HAIR COLOR: WHITE, Location{1432.0, 2142, -0.1234}}
}]
2026-09-07 00:19:51.907 [main] INFO  org.example.Network.UDPServer - пользователь /127.0.0.1:59119 отправил данные
2026-09-07 00:19:51.909 [main] INFO  org.example.Network.UDPServer - выполняется запрос Command{name='show', description='null', arguments='null'}
2026-09-07 00:19:51.910 [main] INFO  org.example.Network.UDPServer - ответ отправлен пользователю /127.0.0.1:59119,содержание:
[MusicBand{
ID: 2, NAME: Group, COORDINATES: Coordinates{1, 1.0}, CREATION DATE: 2026-06-08T19:50:47.620694857+03:00[Europe/Moscow],
NUMBER OF PARTICIPANTS: 2, ESTABLISHMENT DATE: 2026-06-08, MUSIC GENRE: ROCK,
FRONT MAN: Person{ NAME: Tvari, HEIGHT: 170.0, PASSPORT ID: 1241KDSKKS, HAIR COLOR: WHITE, Location{1.0, 1, 1.0}}
}, MusicBand{
ID: 3, NAME: Loool, COORDINATES: Coordinates{1234, 2234.0}, CREATION DATE: 2026-09-06T20:48:16.210582999+03:00[Europe/Moscow],
NUMBER OF PARTICIPANTS: 2, ESTABLISHMENT DATE: 2026-09-06, MUSIC GENRE: SOUL,
FRONT MAN: Person{ NAME: Genius, HEIGHT: 174.0, PASSPORT ID: KFSDKF213KFK4224, HAIR COLOR: ORANGE, Location{12.55, -421, 43.44}}
}, MusicBand{
ID: 5, NAME: New brand, COORDINATES: Coordinates{23, 324.0}, CREATION DATE: 2026-09-07T00:01:51.660357277+03:00[Europe/Moscow],
NUMBER OF PARTICIPANTS: 321, ESTABLISHMENT DATE: 2026-09-07, MUSIC GENRE: PROGRESSIVE_ROCK,
FRONT MAN: Person{ NAME: Ya, HEIGHT: 187.0, PASSPORT ID: KFKK134KFSK, HAIR COLOR: BLUE, Location{1.0, 1234, -254245.0}}
}, MusicBand{
ID: 1, NAME: Pink Floyd, COORDINATES: Coordinates{100, 250.5}, CREATION DATE: 2024-03-15T10:30Z,
NUMBER OF PARTICIPANTS: 5, ESTABLISHMENT DATE: 1965-10-15, MUSIC GENRE: PROGRESSIVE_ROCK,
FRONT MAN: Person{ NAME: David Gilmour, HEIGHT: 175.5, PASSPORT ID: AB1234567, HAIR COLOR: BLUE, Location{55.7558, 3761750, 156.0}}
}, MusicBand{
ID: 4, NAME: True band, COORDINATES: Coordinates{-24214, 1.24533333341E11}, CREATION DATE: 2026-09-07T00:05:28.585406592+03:00[Europe/Moscow],
NUMBER OF PARTICIPANTS: 2394592898, ESTABLISHMENT DATE: 2026-09-07, MUSIC GENRE: ROCK,
FRONT MAN: Person{ NAME: Ivan, HEIGHT: 234.0, PASSPORT ID: 11FDSKFKKSJFK93942, HAIR COLOR: WHITE, Location{1432.0, 2142, -0.1234}}
}]
2026-09-07 00:19:59.462 [main] INFO  org.example.Network.UDPServer - пользователь /127.0.0.1:59119 отправил данные
2026-09-07 00:19:59.463 [main] INFO  org.example.Network.UDPServer - пользователь /127.0.0.1:59119 отправил данные
2026-09-07 00:19:59.463 [main] INFO  org.example.Network.UDPServer - пользователь /127.0.0.1:59119 отправил данные
2026-09-07 00:19:59.465 [main] INFO  org.example.Network.UDPServer - выполняется запрос Command{name='execute', description='null', arguments='[Ljava.lang.String;@70ed52de'}
2026-09-07 00:19:59.478 [main] INFO  o.example.Menegers.CollectionManager - добавлена музыкальная группа:MusicBand{
ID: 6, NAME: Wow, COORDINATES: Coordinates{2, 534.0}, CREATION DATE: 2026-09-07T00:19:59.451315750+03:00[Europe/Moscow],
NUMBER OF PARTICIPANTS: 44, ESTABLISHMENT DATE: 2026-09-07, MUSIC GENRE: ROCK,
FRONT MAN: Person{ NAME: Kyu, HEIGHT: 140.0, PASSPORT ID: 141K1231DSKKS, HAIR COLOR: WHITE, Location{12.0, 14, 15.0}}
}
2026-09-07 00:19:59.487 [main] INFO  o.example.Menegers.CollectionManager - коллекция сохранена
2026-09-07 00:19:59.495 [main] INFO  org.example.Network.UDPServer - ответ отправлен пользователю /127.0.0.1:59119,содержание:
help:
add: добавить новый элемент в коллекцию. Команда от одного аргумента - добавить по XML
от девяти аргументов - явно задать параметры, без аргументов - интерактивный режим
fsn: fstarts_with_name: вывести элементы, значение поля name которых начинается с заданной подстроки
aifm: add_if_min: добавить новый элемент в коллекцию, если его значение меньше, чем у наименьшего элемента этой коллекции
clear: очистить коллекцию
show: показать информацию о коллекции
save: сохранить коллекцию в файл
rmg: remove_greater: удалить из коллекции все элементы, превышающие заданный
execute: считать и исполнить скрипт из указанного файла. В скрипте содержатся команды в таком же виде, в котором их вводит пользователь в интерактивном режиме.
rmi: remove_by_id :удалить элемент из коллекции по его id
fcn: filter_contains_name: вывести элементы, значение поля name которых содержит заданную подстроку
rml: remove_lower: удалить из коллекции все элементы, меньшие, чем заданный
help: вывести справку по доступным командам
ubi: update_by_id: обновить значение элемента коллекции, id которого равен заданному
info: вывести в стандартный поток вывода информацию о коллекции
group: сгруппировать элементы коллекции по значению поля creationDate, вывести количество элементов в каждой группе
add:
такая группа уже есть
add:
Музыкальная группа успешно добавлена
info:
CollectionManager{size:6, дата инициализации: 2026-09-07T00:19:17.726284158+03:00[Europe/Moscow]}
show:
[MusicBand{
ID: 2, NAME: Group, COORDINATES: Coordinates{1, 1.0}, CREATION DATE: 2026-06-08T19:50:47.620694857+03:00[Europe/Moscow],
NUMBER OF PARTICIPANTS: 2, ESTABLISHMENT DATE: 2026-06-08, MUSIC GENRE: ROCK,
FRONT MAN: Person{ NAME: Tvari, HEIGHT: 170.0, PASSPORT ID: 1241KDSKKS, HAIR COLOR: WHITE, Location{1.0, 1, 1.0}}
}, MusicBand{
ID: 3, NAME: Loool, COORDINATES: Coordinates{1234, 2234.0}, CREATION DATE: 2026-09-06T20:48:16.210582999+03:00[Europe/Moscow],
NUMBER OF PARTICIPANTS: 2, ESTABLISHMENT DATE: 2026-09-06, MUSIC GENRE: SOUL,
FRONT MAN: Person{ NAME: Genius, HEIGHT: 174.0, PASSPORT ID: KFSDKF213KFK4224, HAIR COLOR: ORANGE, Location{12.55, -421, 43.44}}
}, MusicBand{
ID: 5, NAME: New brand, COORDINATES: Coordinates{23, 324.0}, CREATION DATE: 2026-09-07T00:01:51.660357277+03:00[Europe/Moscow],
NUMBER OF PARTICIPANTS: 321, ESTABLISHMENT DATE: 2026-09-07, MUSIC GENRE: PROGRESSIVE_ROCK,
FRONT MAN: Person{ NAME: Ya, HEIGHT: 187.0, PASSPORT ID: KFKK134KFSK, HAIR COLOR: BLUE, Location{1.0, 1234, -254245.0}}
}, MusicBand{
ID: 1, NAME: Pink Floyd, COORDINATES: Coordinates{100, 250.5}, CREATION DATE: 2024-03-15T10:30Z,
NUMBER OF PARTICIPANTS: 5, ESTABLISHMENT DATE: 1965-10-15, MUSIC GENRE: PROGRESSIVE_ROCK,
FRONT MAN: Person{ NAME: David Gilmour, HEIGHT: 175.5, PASSPORT ID: AB1234567, HAIR COLOR: BLUE, Location{55.7558, 3761750, 156.0}}
}, MusicBand{
ID: 4, NAME: True band, COORDINATES: Coordinates{-24214, 1.24533333341E11}, CREATION DATE: 2026-09-07T00:05:28.585406592+03:00[Europe/Moscow],
NUMBER OF PARTICIPANTS: 2394592898, ESTABLISHMENT DATE: 2026-09-07, MUSIC GENRE: ROCK,
FRONT MAN: Person{ NAME: Ivan, HEIGHT: 234.0, PASSPORT ID: 11FDSKFKKSJFK93942, HAIR COLOR: WHITE, Location{1432.0, 2142, -0.1234}}
}, MusicBand{
ID: 6, NAME: Wow, COORDINATES: Coordinates{2, 534.0}, CREATION DATE: 2026-09-07T00:19:59.451315750+03:00[Europe/Moscow],
NUMBER OF PARTICIPANTS: 44, ESTABLISHMENT DATE: 2026-09-07, MUSIC GENRE: ROCK,
FRONT MAN: Person{ NAME: Kyu, HEIGHT: 140.0, PASSPORT ID: 141K1231DSKKS, HAIR COLOR: WHITE, Location{12.0, 14, 15.0}}
}]
2026-09-07 00:20:44.184 [main] INFO  org.example.Network.UDPServer - пользователь /127.0.0.1:59119 отправил данные
2026-09-07 00:20:44.186 [main] INFO  org.example.Network.UDPServer - выполняется запрос Command{name='execute', description='null', arguments='[Ljava.lang.String;@55de24cc'}
2026-09-07 00:20:44.196 [main] INFO  org.example.Network.UDPServer - ответ отправлен пользователю /127.0.0.1:59119,содержание:
help:
add: добавить новый элемент в коллекцию. Команда от одного аргумента - добавить по XML
от девяти аргументов - явно задать параметры, без аргументов - интерактивный режим
fsn: fstarts_with_name: вывести элементы, значение поля name которых начинается с заданной подстроки
aifm: add_if_min: добавить новый элемент в коллекцию, если его значение меньше, чем у наименьшего элемента этой коллекции
clear: очистить коллекцию
show: показать информацию о коллекции
save: сохранить коллекцию в файл
rmg: remove_greater: удалить из коллекции все элементы, превышающие заданный
execute: считать и исполнить скрипт из указанного файла. В скрипте содержатся команды в таком же виде, в котором их вводит пользователь в интерактивном режиме.
rmi: remove_by_id :удалить элемент из коллекции по его id
fcn: filter_contains_name: вывести элементы, значение поля name которых содержит заданную подстроку
rml: remove_lower: удалить из коллекции все элементы, меньшие, чем заданный
help: вывести справку по доступным командам
ubi: update_by_id: обновить значение элемента коллекции, id которого равен заданному
info: вывести в стандартный поток вывода информацию о коллекции
group: сгруппировать элементы коллекции по значению поля creationDate, вывести количество элементов в каждой группе
show:
[MusicBand{
ID: 2, NAME: Group, COORDINATES: Coordinates{1, 1.0}, CREATION DATE: 2026-06-08T19:50:47.620694857+03:00[Europe/Moscow],
NUMBER OF PARTICIPANTS: 2, ESTABLISHMENT DATE: 2026-06-08, MUSIC GENRE: ROCK,
FRONT MAN: Person{ NAME: Tvari, HEIGHT: 170.0, PASSPORT ID: 1241KDSKKS, HAIR COLOR: WHITE, Location{1.0, 1, 1.0}}
}, MusicBand{
ID: 3, NAME: Loool, COORDINATES: Coordinates{1234, 2234.0}, CREATION DATE: 2026-09-06T20:48:16.210582999+03:00[Europe/Moscow],
NUMBER OF PARTICIPANTS: 2, ESTABLISHMENT DATE: 2026-09-06, MUSIC GENRE: SOUL,
FRONT MAN: Person{ NAME: Genius, HEIGHT: 174.0, PASSPORT ID: KFSDKF213KFK4224, HAIR COLOR: ORANGE, Location{12.55, -421, 43.44}}
}, MusicBand{
ID: 5, NAME: New brand, COORDINATES: Coordinates{23, 324.0}, CREATION DATE: 2026-09-07T00:01:51.660357277+03:00[Europe/Moscow],
NUMBER OF PARTICIPANTS: 321, ESTABLISHMENT DATE: 2026-09-07, MUSIC GENRE: PROGRESSIVE_ROCK,
FRONT MAN: Person{ NAME: Ya, HEIGHT: 187.0, PASSPORT ID: KFKK134KFSK, HAIR COLOR: BLUE, Location{1.0, 1234, -254245.0}}
}, MusicBand{
ID: 1, NAME: Pink Floyd, COORDINATES: Coordinates{100, 250.5}, CREATION DATE: 2024-03-15T10:30Z,
NUMBER OF PARTICIPANTS: 5, ESTABLISHMENT DATE: 1965-10-15, MUSIC GENRE: PROGRESSIVE_ROCK,
FRONT MAN: Person{ NAME: David Gilmour, HEIGHT: 175.5, PASSPORT ID: AB1234567, HAIR COLOR: BLUE, Location{55.7558, 3761750, 156.0}}
}, MusicBand{
ID: 4, NAME: True band, COORDINATES: Coordinates{-24214, 1.24533333341E11}, CREATION DATE: 2026-09-07T00:05:28.585406592+03:00[Europe/Moscow],
NUMBER OF PARTICIPANTS: 2394592898, ESTABLISHMENT DATE: 2026-09-07, MUSIC GENRE: ROCK,
FRONT MAN: Person{ NAME: Ivan, HEIGHT: 234.0, PASSPORT ID: 11FDSKFKKSJFK93942, HAIR COLOR: WHITE, Location{1432.0, 2142, -0.1234}}
}, MusicBand{
ID: 6, NAME: Wow, COORDINATES: Coordinates{2, 534.0}, CREATION DATE: 2026-09-07T00:19:59.451315750+03:00[Europe/Moscow],
NUMBER OF PARTICIPANTS: 44, ESTABLISHMENT DATE: 2026-09-07, MUSIC GENRE: ROCK,
FRONT MAN: Person{ NAME: Kyu, HEIGHT: 140.0, PASSPORT ID: 141K1231DSKKS, HAIR COLOR: WHITE, Location{12.0, 14, 15.0}}
}]
info:
CollectionManager{size:6, дата инициализации: 2026-09-07T00:19:17.726284158+03:00[Europe/Moscow]}
group:
2026-09-06T20:48:16.210582999+03:00[Europe/Moscow]->1
2026-09-07T00:01:51.660357277+03:00[Europe/Moscow]->1
2026-09-07T00:19:59.451315750+03:00[Europe/Moscow]->1
2026-09-07T00:05:28.585406592+03:00[Europe/Moscow]->1
2026-06-08T19:50:47.620694857+03:00[Europe/Moscow]->1
2024-03-15T10:30Z->1
2026-09-07 00:21:23.667 [main] INFO  org.example.Network.UDPServer - пользователь /127.0.0.1:59119 отправил данные
2026-09-07 00:21:23.668 [main] INFO  org.example.Network.UDPServer - пользователь /127.0.0.1:59119 отправил данные
2026-09-07 00:21:23.668 [main] INFO  org.example.Network.UDPServer - пользователь /127.0.0.1:59119 отправил данные
2026-09-07 00:21:23.670 [main] INFO  org.example.Network.UDPServer - выполняется запрос Command{name='execute', description='null', arguments='[Ljava.lang.String;@29f7cefd'}
2026-09-07 00:21:23.679 [main] INFO  org.example.Network.UDPServer - ответ отправлен пользователю /127.0.0.1:59119,содержание:
help:
add: добавить новый элемент в коллекцию. Команда от одного аргумента - добавить по XML
от девяти аргументов - явно задать параметры, без аргументов - интерактивный режим
fsn: fstarts_with_name: вывести элементы, значение поля name которых начинается с заданной подстроки
aifm: add_if_min: добавить новый элемент в коллекцию, если его значение меньше, чем у наименьшего элемента этой коллекции
clear: очистить коллекцию
show: показать информацию о коллекции
save: сохранить коллекцию в файл
rmg: remove_greater: удалить из коллекции все элементы, превышающие заданный
execute: считать и исполнить скрипт из указанного файла. В скрипте содержатся команды в таком же виде, в котором их вводит пользователь в интерактивном режиме.
rmi: remove_by_id :удалить элемент из коллекции по его id
fcn: filter_contains_name: вывести элементы, значение поля name которых содержит заданную подстроку
rml: remove_lower: удалить из коллекции все элементы, меньшие, чем заданный
help: вывести справку по доступным командам
ubi: update_by_id: обновить значение элемента коллекции, id которого равен заданному
info: вывести в стандартный поток вывода информацию о коллекции
group: сгруппировать элементы коллекции по значению поля creationDate, вывести количество элементов в каждой группе
add:
такая группа уже есть
add:
такая группа уже есть
info:
CollectionManager{size:6, дата инициализации: 2026-09-07T00:19:17.726284158+03:00[Europe/Moscow]}
show:
[MusicBand{
ID: 2, NAME: Group, COORDINATES: Coordinates{1, 1.0}, CREATION DATE: 2026-06-08T19:50:47.620694857+03:00[Europe/Moscow],
NUMBER OF PARTICIPANTS: 2, ESTABLISHMENT DATE: 2026-06-08, MUSIC GENRE: ROCK,
FRONT MAN: Person{ NAME: Tvari, HEIGHT: 170.0, PASSPORT ID: 1241KDSKKS, HAIR COLOR: WHITE, Location{1.0, 1, 1.0}}
}, MusicBand{
ID: 3, NAME: Loool, COORDINATES: Coordinates{1234, 2234.0}, CREATION DATE: 2026-09-06T20:48:16.210582999+03:00[Europe/Moscow],
NUMBER OF PARTICIPANTS: 2, ESTABLISHMENT DATE: 2026-09-06, MUSIC GENRE: SOUL,
FRONT MAN: Person{ NAME: Genius, HEIGHT: 174.0, PASSPORT ID: KFSDKF213KFK4224, HAIR COLOR: ORANGE, Location{12.55, -421, 43.44}}
}, MusicBand{
ID: 5, NAME: New brand, COORDINATES: Coordinates{23, 324.0}, CREATION DATE: 2026-09-07T00:01:51.660357277+03:00[Europe/Moscow],
NUMBER OF PARTICIPANTS: 321, ESTABLISHMENT DATE: 2026-09-07, MUSIC GENRE: PROGRESSIVE_ROCK,
FRONT MAN: Person{ NAME: Ya, HEIGHT: 187.0, PASSPORT ID: KFKK134KFSK, HAIR COLOR: BLUE, Location{1.0, 1234, -254245.0}}
}, MusicBand{
ID: 1, NAME: Pink Floyd, COORDINATES: Coordinates{100, 250.5}, CREATION DATE: 2024-03-15T10:30Z,
NUMBER OF PARTICIPANTS: 5, ESTABLISHMENT DATE: 1965-10-15, MUSIC GENRE: PROGRESSIVE_ROCK,
FRONT MAN: Person{ NAME: David Gilmour, HEIGHT: 175.5, PASSPORT ID: AB1234567, HAIR COLOR: BLUE, Location{55.7558, 3761750, 156.0}}
}, MusicBand{
ID: 4, NAME: True band, COORDINATES: Coordinates{-24214, 1.24533333341E11}, CREATION DATE: 2026-09-07T00:05:28.585406592+03:00[Europe/Moscow],
NUMBER OF PARTICIPANTS: 2394592898, ESTABLISHMENT DATE: 2026-09-07, MUSIC GENRE: ROCK,
FRONT MAN: Person{ NAME: Ivan, HEIGHT: 234.0, PASSPORT ID: 11FDSKFKKSJFK93942, HAIR COLOR: WHITE, Location{1432.0, 2142, -0.1234}}
}, MusicBand{
ID: 6, NAME: Wow, COORDINATES: Coordinates{2, 534.0}, CREATION DATE: 2026-09-07T00:19:59.451315750+03:00[Europe/Moscow],
NUMBER OF PARTICIPANTS: 44, ESTABLISHMENT DATE: 2026-09-07, MUSIC GENRE: ROCK,
FRONT MAN: Person{ NAME: Kyu, HEIGHT: 140.0, PASSPORT ID: 141K1231DSKKS, HAIR COLOR: WHITE, Location{12.0, 14, 15.0}}
}]
2026-09-07 00:23:10.003 [main] INFO  org.example.Network.UDPServer - пользователь /127.0.0.1:59119 отправил данные
2026-09-07 00:23:10.008 [main] INFO  org.example.Network.UDPServer - выполняется запрос Command{name='add', description='null', arguments='[Ljava.lang.String;@49b2a47d'}
2026-09-07 00:23:10.015 [main] INFO  org.example.Network.UDPServer - ответ отправлен пользователю /127.0.0.1:59119,содержание:
такая группа уже есть
2026-09-07 00:23:26.731 [main] INFO  org.example.Network.UDPServer - пользователь /127.0.0.1:59119 отправил данные
2026-09-07 00:23:26.731 [main] INFO  org.example.Network.UDPServer - пользователь /127.0.0.1:59119 отправил данные
2026-09-07 00:23:26.733 [main] INFO  org.example.Network.UDPServer - выполняется запрос Command{name='execute', description='null', arguments='[Ljava.lang.String;@642a7222'}
2026-09-07 00:23:26.737 [main] INFO  org.example.Network.UDPServer - ответ отправлен пользователю /127.0.0.1:59119,содержание:
add:
такая группа уже есть
2026-09-07 00:23:36.909 [main] INFO  org.example.Network.UDPServer - пользователь /127.0.0.1:59119 отправил данные
2026-09-07 00:23:36.913 [main] INFO  org.example.Network.UDPServer - выполняется запрос Command{name='show', description='null', arguments='null'}
2026-09-07 00:23:36.915 [main] INFO  org.example.Network.UDPServer - ответ отправлен пользователю /127.0.0.1:59119,содержание:
[MusicBand{
ID: 2, NAME: Group, COORDINATES: Coordinates{1, 1.0}, CREATION DATE: 2026-06-08T19:50:47.620694857+03:00[Europe/Moscow],
NUMBER OF PARTICIPANTS: 2, ESTABLISHMENT DATE: 2026-06-08, MUSIC GENRE: ROCK,
FRONT MAN: Person{ NAME: Tvari, HEIGHT: 170.0, PASSPORT ID: 1241KDSKKS, HAIR COLOR: WHITE, Location{1.0, 1, 1.0}}
}, MusicBand{
ID: 3, NAME: Loool, COORDINATES: Coordinates{1234, 2234.0}, CREATION DATE: 2026-09-06T20:48:16.210582999+03:00[Europe/Moscow],
NUMBER OF PARTICIPANTS: 2, ESTABLISHMENT DATE: 2026-09-06, MUSIC GENRE: SOUL,
FRONT MAN: Person{ NAME: Genius, HEIGHT: 174.0, PASSPORT ID: KFSDKF213KFK4224, HAIR COLOR: ORANGE, Location{12.55, -421, 43.44}}
}, MusicBand{
ID: 5, NAME: New brand, COORDINATES: Coordinates{23, 324.0}, CREATION DATE: 2026-09-07T00:01:51.660357277+03:00[Europe/Moscow],
NUMBER OF PARTICIPANTS: 321, ESTABLISHMENT DATE: 2026-09-07, MUSIC GENRE: PROGRESSIVE_ROCK,
FRONT MAN: Person{ NAME: Ya, HEIGHT: 187.0, PASSPORT ID: KFKK134KFSK, HAIR COLOR: BLUE, Location{1.0, 1234, -254245.0}}
}, MusicBand{
ID: 1, NAME: Pink Floyd, COORDINATES: Coordinates{100, 250.5}, CREATION DATE: 2024-03-15T10:30Z,
NUMBER OF PARTICIPANTS: 5, ESTABLISHMENT DATE: 1965-10-15, MUSIC GENRE: PROGRESSIVE_ROCK,
FRONT MAN: Person{ NAME: David Gilmour, HEIGHT: 175.5, PASSPORT ID: AB1234567, HAIR COLOR: BLUE, Location{55.7558, 3761750, 156.0}}
}, MusicBand{
ID: 4, NAME: True band, COORDINATES: Coordinates{-24214, 1.24533333341E11}, CREATION DATE: 2026-09-07T00:05:28.585406592+03:00[Europe/Moscow],
NUMBER OF PARTICIPANTS: 2394592898, ESTABLISHMENT DATE: 2026-09-07, MUSIC GENRE: ROCK,
FRONT MAN: Person{ NAME: Ivan, HEIGHT: 234.0, PASSPORT ID: 11FDSKFKKSJFK93942, HAIR COLOR: WHITE, Location{1432.0, 2142, -0.1234}}
}, MusicBand{
ID: 6, NAME: Wow, COORDINATES: Coordinates{2, 534.0}, CREATION DATE: 2026-09-07T00:19:59.451315750+03:00[Europe/Moscow],
NUMBER OF PARTICIPANTS: 44, ESTABLISHMENT DATE: 2026-09-07, MUSIC GENRE: ROCK,
FRONT MAN: Person{ NAME: Kyu, HEIGHT: 140.0, PASSPORT ID: 141K1231DSKKS, HAIR COLOR: WHITE, Location{12.0, 14, 15.0}}
}]
2026-09-07 00:23:48.643 [main] INFO  org.example.Network.UDPServer - пользователь /127.0.0.1:59119 отправил данные
2026-09-07 00:23:48.643 [main] INFO  org.example.Network.UDPServer - пользователь /127.0.0.1:59119 отправил данные
2026-09-07 00:23:48.643 [main] INFO  org.example.Network.UDPServer - пользователь /127.0.0.1:59119 отправил данные
2026-09-07 00:23:48.645 [main] INFO  org.example.Network.UDPServer - выполняется запрос Command{name='execute', description='null', arguments='[Ljava.lang.String;@7098b907'}
2026-09-07 00:23:48.657 [main] INFO  org.example.Network.UDPServer - ответ отправлен пользователю /127.0.0.1:59119,содержание:
help:
add: добавить новый элемент в коллекцию. Команда от одного аргумента - добавить по XML
от девяти аргументов - явно задать параметры, без аргументов - интерактивный режим
fsn: fstarts_with_name: вывести элементы, значение поля name которых начинается с заданной подстроки
aifm: add_if_min: добавить новый элемент в коллекцию, если его значение меньше, чем у наименьшего элемента этой коллекции
clear: очистить коллекцию
show: показать информацию о коллекции
save: сохранить коллекцию в файл
rmg: remove_greater: удалить из коллекции все элементы, превышающие заданный
execute: считать и исполнить скрипт из указанного файла. В скрипте содержатся команды в таком же виде, в котором их вводит пользователь в интерактивном режиме.
rmi: remove_by_id :удалить элемент из коллекции по его id
fcn: filter_contains_name: вывести элементы, значение поля name которых содержит заданную подстроку
rml: remove_lower: удалить из коллекции все элементы, меньшие, чем заданный
help: вывести справку по доступным командам
ubi: update_by_id: обновить значение элемента коллекции, id которого равен заданному
info: вывести в стандартный поток вывода информацию о коллекции
group: сгруппировать элементы коллекции по значению поля creationDate, вывести количество элементов в каждой группе
add:
такая группа уже есть
add:
такая группа уже есть
info:
CollectionManager{size:6, дата инициализации: 2026-09-07T00:19:17.726284158+03:00[Europe/Moscow]}
show:
[MusicBand{
ID: 2, NAME: Group, COORDINATES: Coordinates{1, 1.0}, CREATION DATE: 2026-06-08T19:50:47.620694857+03:00[Europe/Moscow],
NUMBER OF PARTICIPANTS: 2, ESTABLISHMENT DATE: 2026-06-08, MUSIC GENRE: ROCK,
FRONT MAN: Person{ NAME: Tvari, HEIGHT: 170.0, PASSPORT ID: 1241KDSKKS, HAIR COLOR: WHITE, Location{1.0, 1, 1.0}}
}, MusicBand{
ID: 3, NAME: Loool, COORDINATES: Coordinates{1234, 2234.0}, CREATION DATE: 2026-09-06T20:48:16.210582999+03:00[Europe/Moscow],
NUMBER OF PARTICIPANTS: 2, ESTABLISHMENT DATE: 2026-09-06, MUSIC GENRE: SOUL,
FRONT MAN: Person{ NAME: Genius, HEIGHT: 174.0, PASSPORT ID: KFSDKF213KFK4224, HAIR COLOR: ORANGE, Location{12.55, -421, 43.44}}
}, MusicBand{
ID: 5, NAME: New brand, COORDINATES: Coordinates{23, 324.0}, CREATION DATE: 2026-09-07T00:01:51.660357277+03:00[Europe/Moscow],
NUMBER OF PARTICIPANTS: 321, ESTABLISHMENT DATE: 2026-09-07, MUSIC GENRE: PROGRESSIVE_ROCK,
FRONT MAN: Person{ NAME: Ya, HEIGHT: 187.0, PASSPORT ID: KFKK134KFSK, HAIR COLOR: BLUE, Location{1.0, 1234, -254245.0}}
}, MusicBand{
ID: 1, NAME: Pink Floyd, COORDINATES: Coordinates{100, 250.5}, CREATION DATE: 2024-03-15T10:30Z,
NUMBER OF PARTICIPANTS: 5, ESTABLISHMENT DATE: 1965-10-15, MUSIC GENRE: PROGRESSIVE_ROCK,
FRONT MAN: Person{ NAME: David Gilmour, HEIGHT: 175.5, PASSPORT ID: AB1234567, HAIR COLOR: BLUE, Location{55.7558, 3761750, 156.0}}
}, MusicBand{
ID: 4, NAME: True band, COORDINATES: Coordinates{-24214, 1.24533333341E11}, CREATION DATE: 2026-09-07T00:05:28.585406592+03:00[Europe/Moscow],
NUMBER OF PARTICIPANTS: 2394592898, ESTABLISHMENT DATE: 2026-09-07, MUSIC GENRE: ROCK,
FRONT MAN: Person{ NAME: Ivan, HEIGHT: 234.0, PASSPORT ID: 11FDSKFKKSJFK93942, HAIR COLOR: WHITE, Location{1432.0, 2142, -0.1234}}
}, MusicBand{
ID: 6, NAME: Wow, COORDINATES: Coordinates{2, 534.0}, CREATION DATE: 2026-09-07T00:19:59.451315750+03:00[Europe/Moscow],
NUMBER OF PARTICIPANTS: 44, ESTABLISHMENT DATE: 2026-09-07, MUSIC GENRE: ROCK,
FRONT MAN: Person{ NAME: Kyu, HEIGHT: 140.0, PASSPORT ID: 141K1231DSKKS, HAIR COLOR: WHITE, Location{12.0, 14, 15.0}}
}]
2026-09-07 00:23:49.743 [main] INFO  org.example.Network.UDPServer - пользователь /127.0.0.1:59119 отправил данные
2026-09-07 00:23:49.743 [main] INFO  org.example.Network.UDPServer - пользователь /127.0.0.1:59119 отправил данные
2026-09-07 00:23:49.743 [main] INFO  org.example.Network.UDPServer - пользователь /127.0.0.1:59119 отправил данные
2026-09-07 00:23:49.745 [main] INFO  org.example.Network.UDPServer - выполняется запрос Command{name='execute', description='null', arguments='[Ljava.lang.String;@10289886'}
2026-09-07 00:23:49.759 [main] INFO  org.example.Network.UDPServer - ответ отправлен пользователю /127.0.0.1:59119,содержание:
help:
add: добавить новый элемент в коллекцию. Команда от одного аргумента - добавить по XML
от девяти аргументов - явно задать параметры, без аргументов - интерактивный режим
fsn: fstarts_with_name: вывести элементы, значение поля name которых начинается с заданной подстроки
aifm: add_if_min: добавить новый элемент в коллекцию, если его значение меньше, чем у наименьшего элемента этой коллекции
clear: очистить коллекцию
show: показать информацию о коллекции
save: сохранить коллекцию в файл
rmg: remove_greater: удалить из коллекции все элементы, превышающие заданный
execute: считать и исполнить скрипт из указанного файла. В скрипте содержатся команды в таком же виде, в котором их вводит пользователь в интерактивном режиме.
rmi: remove_by_id :удалить элемент из коллекции по его id
fcn: filter_contains_name: вывести элементы, значение поля name которых содержит заданную подстроку
rml: remove_lower: удалить из коллекции все элементы, меньшие, чем заданный
help: вывести справку по доступным командам
ubi: update_by_id: обновить значение элемента коллекции, id которого равен заданному
info: вывести в стандартный поток вывода информацию о коллекции
group: сгруппировать элементы коллекции по значению поля creationDate, вывести количество элементов в каждой группе
add:
такая группа уже есть
add:
такая группа уже есть
info:
CollectionManager{size:6, дата инициализации: 2026-09-07T00:19:17.726284158+03:00[Europe/Moscow]}
show:
[MusicBand{
ID: 2, NAME: Group, COORDINATES: Coordinates{1, 1.0}, CREATION DATE: 2026-06-08T19:50:47.620694857+03:00[Europe/Moscow],
NUMBER OF PARTICIPANTS: 2, ESTABLISHMENT DATE: 2026-06-08, MUSIC GENRE: ROCK,
FRONT MAN: Person{ NAME: Tvari, HEIGHT: 170.0, PASSPORT ID: 1241KDSKKS, HAIR COLOR: WHITE, Location{1.0, 1, 1.0}}
}, MusicBand{
ID: 3, NAME: Loool, COORDINATES: Coordinates{1234, 2234.0}, CREATION DATE: 2026-09-06T20:48:16.210582999+03:00[Europe/Moscow],
NUMBER OF PARTICIPANTS: 2, ESTABLISHMENT DATE: 2026-09-06, MUSIC GENRE: SOUL,
FRONT MAN: Person{ NAME: Genius, HEIGHT: 174.0, PASSPORT ID: KFSDKF213KFK4224, HAIR COLOR: ORANGE, Location{12.55, -421, 43.44}}
}, MusicBand{
ID: 5, NAME: New brand, COORDINATES: Coordinates{23, 324.0}, CREATION DATE: 2026-09-07T00:01:51.660357277+03:00[Europe/Moscow],
NUMBER OF PARTICIPANTS: 321, ESTABLISHMENT DATE: 2026-09-07, MUSIC GENRE: PROGRESSIVE_ROCK,
FRONT MAN: Person{ NAME: Ya, HEIGHT: 187.0, PASSPORT ID: KFKK134KFSK, HAIR COLOR: BLUE, Location{1.0, 1234, -254245.0}}
}, MusicBand{
ID: 1, NAME: Pink Floyd, COORDINATES: Coordinates{100, 250.5}, CREATION DATE: 2024-03-15T10:30Z,
NUMBER OF PARTICIPANTS: 5, ESTABLISHMENT DATE: 1965-10-15, MUSIC GENRE: PROGRESSIVE_ROCK,
FRONT MAN: Person{ NAME: David Gilmour, HEIGHT: 175.5, PASSPORT ID: AB1234567, HAIR COLOR: BLUE, Location{55.7558, 3761750, 156.0}}
}, MusicBand{
ID: 4, NAME: True band, COORDINATES: Coordinates{-24214, 1.24533333341E11}, CREATION DATE: 2026-09-07T00:05:28.585406592+03:00[Europe/Moscow],
NUMBER OF PARTICIPANTS: 2394592898, ESTABLISHMENT DATE: 2026-09-07, MUSIC GENRE: ROCK,
FRONT MAN: Person{ NAME: Ivan, HEIGHT: 234.0, PASSPORT ID: 11FDSKFKKSJFK93942, HAIR COLOR: WHITE, Location{1432.0, 2142, -0.1234}}
}, MusicBand{
ID: 6, NAME: Wow, COORDINATES: Coordinates{2, 534.0}, CREATION DATE: 2026-09-07T00:19:59.451315750+03:00[Europe/Moscow],
NUMBER OF PARTICIPANTS: 44, ESTABLISHMENT DATE: 2026-09-07, MUSIC GENRE: ROCK,
FRONT MAN: Person{ NAME: Kyu, HEIGHT: 140.0, PASSPORT ID: 141K1231DSKKS, HAIR COLOR: WHITE, Location{12.0, 14, 15.0}}
}]
2026-09-07 00:23:50.706 [main] INFO  org.example.Network.UDPServer - пользователь /127.0.0.1:59119 отправил данные
2026-09-07 00:23:50.706 [main] INFO  org.example.Network.UDPServer - пользователь /127.0.0.1:59119 отправил данные
2026-09-07 00:23:50.706 [main] INFO  org.example.Network.UDPServer - пользователь /127.0.0.1:59119 отправил данные
2026-09-07 00:23:50.707 [main] INFO  org.example.Network.UDPServer - выполняется запрос Command{name='execute', description='null', arguments='[Ljava.lang.String;@2438dcd'}
2026-09-07 00:23:50.722 [main] INFO  org.example.Network.UDPServer - ответ отправлен пользователю /127.0.0.1:59119,содержание:
help:
add: добавить новый элемент в коллекцию. Команда от одного аргумента - добавить по XML
от девяти аргументов - явно задать параметры, без аргументов - интерактивный режим
fsn: fstarts_with_name: вывести элементы, значение поля name которых начинается с заданной подстроки
aifm: add_if_min: добавить новый элемент в коллекцию, если его значение меньше, чем у наименьшего элемента этой коллекции
clear: очистить коллекцию
show: показать информацию о коллекции
save: сохранить коллекцию в файл
rmg: remove_greater: удалить из коллекции все элементы, превышающие заданный
execute: считать и исполнить скрипт из указанного файла. В скрипте содержатся команды в таком же виде, в котором их вводит пользователь в интерактивном режиме.
rmi: remove_by_id :удалить элемент из коллекции по его id
fcn: filter_contains_name: вывести элементы, значение поля name которых содержит заданную подстроку
rml: remove_lower: удалить из коллекции все элементы, меньшие, чем заданный
help: вывести справку по доступным командам
ubi: update_by_id: обновить значение элемента коллекции, id которого равен заданному
info: вывести в стандартный поток вывода информацию о коллекции
group: сгруппировать элементы коллекции по значению поля creationDate, вывести количество элементов в каждой группе
add:
такая группа уже есть
add:
такая группа уже есть
info:
CollectionManager{size:6, дата инициализации: 2026-09-07T00:19:17.726284158+03:00[Europe/Moscow]}
show:
[MusicBand{
ID: 2, NAME: Group, COORDINATES: Coordinates{1, 1.0}, CREATION DATE: 2026-06-08T19:50:47.620694857+03:00[Europe/Moscow],
NUMBER OF PARTICIPANTS: 2, ESTABLISHMENT DATE: 2026-06-08, MUSIC GENRE: ROCK,
FRONT MAN: Person{ NAME: Tvari, HEIGHT: 170.0, PASSPORT ID: 1241KDSKKS, HAIR COLOR: WHITE, Location{1.0, 1, 1.0}}
}, MusicBand{
ID: 3, NAME: Loool, COORDINATES: Coordinates{1234, 2234.0}, CREATION DATE: 2026-09-06T20:48:16.210582999+03:00[Europe/Moscow],
NUMBER OF PARTICIPANTS: 2, ESTABLISHMENT DATE: 2026-09-06, MUSIC GENRE: SOUL,
FRONT MAN: Person{ NAME: Genius, HEIGHT: 174.0, PASSPORT ID: KFSDKF213KFK4224, HAIR COLOR: ORANGE, Location{12.55, -421, 43.44}}
}, MusicBand{
ID: 5, NAME: New brand, COORDINATES: Coordinates{23, 324.0}, CREATION DATE: 2026-09-07T00:01:51.660357277+03:00[Europe/Moscow],
NUMBER OF PARTICIPANTS: 321, ESTABLISHMENT DATE: 2026-09-07, MUSIC GENRE: PROGRESSIVE_ROCK,
FRONT MAN: Person{ NAME: Ya, HEIGHT: 187.0, PASSPORT ID: KFKK134KFSK, HAIR COLOR: BLUE, Location{1.0, 1234, -254245.0}}
}, MusicBand{
ID: 1, NAME: Pink Floyd, COORDINATES: Coordinates{100, 250.5}, CREATION DATE: 2024-03-15T10:30Z,
NUMBER OF PARTICIPANTS: 5, ESTABLISHMENT DATE: 1965-10-15, MUSIC GENRE: PROGRESSIVE_ROCK,
FRONT MAN: Person{ NAME: David Gilmour, HEIGHT: 175.5, PASSPORT ID: AB1234567, HAIR COLOR: BLUE, Location{55.7558, 3761750, 156.0}}
}, MusicBand{
ID: 4, NAME: True band, COORDINATES: Coordinates{-24214, 1.24533333341E11}, CREATION DATE: 2026-09-07T00:05:28.585406592+03:00[Europe/Moscow],
NUMBER OF PARTICIPANTS: 2394592898, ESTABLISHMENT DATE: 2026-09-07, MUSIC GENRE: ROCK,
FRONT MAN: Person{ NAME: Ivan, HEIGHT: 234.0, PASSPORT ID: 11FDSKFKKSJFK93942, HAIR COLOR: WHITE, Location{1432.0, 2142, -0.1234}}
}, MusicBand{
ID: 6, NAME: Wow, COORDINATES: Coordinates{2, 534.0}, CREATION DATE: 2026-09-07T00:19:59.451315750+03:00[Europe/Moscow],
NUMBER OF PARTICIPANTS: 44, ESTABLISHMENT DATE: 2026-09-07, MUSIC GENRE: ROCK,
FRONT MAN: Person{ NAME: Kyu, HEIGHT: 140.0, PASSPORT ID: 141K1231DSKKS, HAIR COLOR: WHITE, Location{12.0, 14, 15.0}}
}]
2026-09-07 00:24:00.676 [main] INFO  org.example.Network.UDPServer - пользователь /127.0.0.1:59119 отправил данные
2026-09-07 00:24:00.676 [main] INFO  org.example.Network.UDPServer - пользователь /127.0.0.1:59119 отправил данные
2026-09-07 00:24:00.678 [main] INFO  org.example.Network.UDPServer - выполняется запрос Command{name='execute', description='null', arguments='[Ljava.lang.String;@7f2cfe3f'}
2026-09-07 00:24:00.681 [main] INFO  org.example.Network.UDPServer - ответ отправлен пользователю /127.0.0.1:59119,содержание:
add:
такая группа уже есть
2026-09-07 00:25:21.002 [main] INFO  org.example.Network.UDPServer - пользователь /127.0.0.1:59119 отправил данные
2026-09-07 00:25:21.002 [main] INFO  org.example.Network.UDPServer - пользователь /127.0.0.1:59119 отправил данные
2026-09-07 00:25:21.005 [main] INFO  org.example.Network.UDPServer - выполняется запрос Command{name='execute', description='null', arguments='[Ljava.lang.String;@7d9f158f'}
2026-09-07 00:25:23.004 [main] INFO  org.example.Network.UDPServer - пользователь /127.0.0.1:59119 отправил данные
2026-09-07 00:25:23.008 [main] INFO  org.example.Network.UDPServer - выполняется запрос Command{name='execute', description='null', arguments='[Ljava.lang.String;@4a07d605'}
2026-09-07 00:25:23.019 [main] INFO  org.example.Network.UDPServer - пользователь /127.0.0.1:59119 отправил данные
2026-09-07 00:25:23.021 [main] INFO  org.example.Network.UDPServer - выполняется запрос Command{name='execute', description='null', arguments='[Ljava.lang.String;@2f01783a'}
2026-09-07 00:25:25.007 [main] INFO  org.example.Network.UDPServer - пользователь /127.0.0.1:59119 отправил данные
2026-09-07 00:25:25.011 [main] INFO  org.example.Network.UDPServer - выполняется запрос Command{name='execute', description='null', arguments='[Ljava.lang.String;@7fd7a283'}
2026-09-07 00:25:25.020 [main] INFO  org.example.Network.UDPServer - пользователь /127.0.0.1:59119 отправил данные
2026-09-07 00:25:25.023 [main] INFO  org.example.Network.UDPServer - выполняется запрос Command{name='execute', description='null', arguments='[Ljava.lang.String;@79defdc'}
2026-09-07 00:25:27.009 [main] INFO  org.example.Network.UDPServer - пользователь /127.0.0.1:59119 отправил данные
2026-09-07 00:25:27.012 [main] INFO  org.example.Network.UDPServer - выполняется запрос Command{name='execute', description='null', arguments='[Ljava.lang.String;@4149c063'}
2026-09-07 00:25:27.017 [main] INFO  org.example.Network.UDPServer - пользователь /127.0.0.1:59119 отправил данные
2026-09-07 00:25:27.018 [main] INFO  org.example.Network.UDPServer - выполняется запрос Command{name='execute', description='null', arguments='[Ljava.lang.String;@17d919b6'}
2026-09-07 00:25:29.012 [main] INFO  org.example.Network.UDPServer - пользователь /127.0.0.1:59119 отправил данные
2026-09-07 00:25:29.016 [main] INFO  org.example.Network.UDPServer - выполняется запрос Command{name='execute', description='null', arguments='[Ljava.lang.String;@4c2bb6e0'}
2026-09-07 00:25:29.027 [main] INFO  org.example.Network.UDPServer - пользователь /127.0.0.1:59119 отправил данные
2026-09-07 00:25:29.028 [main] INFO  org.example.Network.UDPServer - выполняется запрос Command{name='execute', description='null', arguments='[Ljava.lang.String;@3f1d2e23'}
2026-09-07 00:25:31.028 [main] INFO  org.example.Network.UDPServer - пользователь /127.0.0.1:59119 отправил данные
2026-09-07 00:25:31.029 [main] INFO  org.example.Network.UDPServer - пользователь /127.0.0.1:59119 отправил данные
2026-09-07 00:25:31.031 [main] INFO  org.example.Network.UDPServer - выполняется запрос Command{name='execute', description='null', arguments='[Ljava.lang.String;@18ece7f4'}
2026-09-07 00:25:33.030 [main] INFO  org.example.Network.UDPServer - пользователь /127.0.0.1:59119 отправил данные
2026-09-07 00:25:33.035 [main] INFO  org.example.Network.UDPServer - выполняется запрос Command{name='execute', description='null', arguments='[Ljava.lang.String;@3576ddc2'}
2026-09-07 00:25:33.045 [main] INFO  org.example.Network.UDPServer - пользователь /127.0.0.1:59119 отправил данные
2026-09-07 00:25:33.046 [main] INFO  org.example.Network.UDPServer - выполняется запрос Command{name='execute', description='null', arguments='[Ljava.lang.String;@1169afe1'}
2026-09-07 00:25:35.032 [main] INFO  org.example.Network.UDPServer - пользователь /127.0.0.1:59119 отправил данные
2026-09-07 00:25:35.035 [main] INFO  org.example.Network.UDPServer - выполняется запрос Command{name='execute', description='null', arguments='[Ljava.lang.String;@1ebea008'}
2026-09-07 00:25:35.038 [main] INFO  org.example.Network.UDPServer - пользователь /127.0.0.1:59119 отправил данные
2026-09-07 00:25:35.039 [main] INFO  org.example.Network.UDPServer - выполняется запрос Command{name='execute', description='null', arguments='[Ljava.lang.String;@7905a0b8'}
2026-09-07 00:25:37.035 [main] INFO  org.example.Network.UDPServer - пользователь /127.0.0.1:59119 отправил данные
2026-09-07 00:25:37.038 [main] INFO  org.example.Network.UDPServer - выполняется запрос Command{name='execute', description='null', arguments='[Ljava.lang.String;@c667f46'}
2026-09-07 00:25:37.043 [main] INFO  org.example.Network.UDPServer - пользователь /127.0.0.1:59119 отправил данные
2026-09-07 00:25:37.043 [main] INFO  org.example.Network.UDPServer - выполняется запрос Command{name='execute', description='null', arguments='[Ljava.lang.String;@64ec96c6'}
2026-09-07 00:25:39.037 [main] INFO  org.example.Network.UDPServer - пользователь /127.0.0.1:59119 отправил данные
2026-09-07 00:25:39.041 [main] INFO  org.example.Network.UDPServer - выполняется запрос Command{name='execute', description='null', arguments='[Ljava.lang.String;@6b0d80ed'}
2026-09-07 00:25:39.050 [main] INFO  org.example.Network.UDPServer - пользователь /127.0.0.1:59119 отправил данные
2026-09-07 00:25:39.052 [main] INFO  org.example.Network.UDPServer - выполняется запрос Command{name='execute', description='null', arguments='[Ljava.lang.String;@471a9022'}
2026-09-07 00:25:41.060 [main] INFO  org.example.Network.UDPServer - пользователь /127.0.0.1:59119 отправил данные
2026-09-07 00:25:41.060 [main] INFO  org.example.Network.UDPServer - пользователь /127.0.0.1:59119 отправил данные
2026-09-07 00:25:41.062 [main] INFO  org.example.Network.UDPServer - выполняется запрос Command{name='execute', description='null', arguments='[Ljava.lang.String;@57a3e26a'}
2026-09-07 00:25:43.062 [main] INFO  org.example.Network.UDPServer - пользователь /127.0.0.1:59119 отправил данные
2026-09-07 00:25:43.065 [main] INFO  org.example.Network.UDPServer - выполняется запрос Command{name='execute', description='null', arguments='[Ljava.lang.String;@5e17553a'}
2026-09-07 00:25:43.073 [main] INFO  org.example.Network.UDPServer - пользователь /127.0.0.1:59119 отправил данные
2026-09-07 00:25:43.075 [main] INFO  org.example.Network.UDPServer - выполняется запрос Command{name='execute', description='null', arguments='[Ljava.lang.String;@34b9f960'}
2026-09-07 00:25:45.064 [main] INFO  org.example.Network.UDPServer - пользователь /127.0.0.1:59119 отправил данные
2026-09-07 00:25:45.068 [main] INFO  org.example.Network.UDPServer - выполняется запрос Command{name='execute', description='null', arguments='[Ljava.lang.String;@2415fc55'}
2026-09-07 00:25:45.076 [main] INFO  org.example.Network.UDPServer - пользователь /127.0.0.1:59119 отправил данные
2026-09-07 00:25:45.078 [main] INFO  org.example.Network.UDPServer - выполняется запрос Command{name='execute', description='null', arguments='[Ljava.lang.String;@7ba8c737'}
2026-09-07 00:25:47.066 [main] INFO  org.example.Network.UDPServer - пользователь /127.0.0.1:59119 отправил данные
2026-09-07 00:25:47.069 [main] INFO  org.example.Network.UDPServer - выполняется запрос Command{name='execute', description='null', arguments='[Ljava.lang.String;@26adfd2d'}
2026-09-07 00:25:47.077 [main] INFO  org.example.Network.UDPServer - пользователь /127.0.0.1:59119 отправил данные
2026-09-07 00:25:47.080 [main] INFO  org.example.Network.UDPServer - выполняется запрос Command{name='execute', description='null', arguments='[Ljava.lang.String;@6f3187b0'}
2026-09-07 00:25:49.069 [main] INFO  org.example.Network.UDPServer - пользователь /127.0.0.1:59119 отправил данные
2026-09-07 00:25:49.073 [main] INFO  org.example.Network.UDPServer - выполняется запрос Command{name='execute', description='null', arguments='[Ljava.lang.String;@39b43d60'}
2026-09-07 00:25:49.082 [main] INFO  org.example.Network.UDPServer - пользователь /127.0.0.1:59119 отправил данные
2026-09-07 00:25:49.084 [main] INFO  org.example.Network.UDPServer - выполняется запрос Command{name='execute', description='null', arguments='[Ljava.lang.String;@51a9ad5e'}
2026-09-07 00:25:51.076 [main] INFO  org.example.Network.UDPServer - пользователь /127.0.0.1:59119 отправил данные
2026-09-07 00:25:51.079 [main] INFO  org.example.Network.UDPServer - выполняется запрос Command{name='help', description='null', arguments='null'}
2026-09-07 00:25:51.080 [main] INFO  org.example.Network.UDPServer - ответ отправлен пользователю /127.0.0.1:59119,содержание:
add: добавить новый элемент в коллекцию. Команда от одного аргумента - добавить по XML
от девяти аргументов - явно задать параметры, без аргументов - интерактивный режим
fsn: fstarts_with_name: вывести элементы, значение поля name которых начинается с заданной подстроки
aifm: add_if_min: добавить новый элемент в коллекцию, если его значение меньше, чем у наименьшего элемента этой коллекции
clear: очистить коллекцию
show: показать информацию о коллекции
save: сохранить коллекцию в файл
rmg: remove_greater: удалить из коллекции все элементы, превышающие заданный
execute: считать и исполнить скрипт из указанного файла. В скрипте содержатся команды в таком же виде, в котором их вводит пользователь в интерактивном режиме.
rmi: remove_by_id :удалить элемент из коллекции по его id
fcn: filter_contains_name: вывести элементы, значение поля name которых содержит заданную подстроку
rml: remove_lower: удалить из коллекции все элементы, меньшие, чем заданный
help: вывести справку по доступным командам
ubi: update_by_id: обновить значение элемента коллекции, id которого равен заданному
info: вывести в стандартный поток вывода информацию о коллекции
group: сгруппировать элементы коллекции по значению поля creationDate, вывести количество элементов в каждой группе
2026-09-07 00:26:13.268 [main] INFO  org.example.Network.UDPServer - пользователь /127.0.0.1:59119 отправил данные
2026-09-07 00:26:13.268 [main] INFO  org.example.Network.UDPServer - пользователь /127.0.0.1:59119 отправил данные
2026-09-07 00:26:13.270 [main] INFO  org.example.Network.UDPServer - выполняется запрос Command{name='execute', description='null', arguments='[Ljava.lang.String;@23202fce'}
2026-09-07 00:26:15.270 [main] INFO  org.example.Network.UDPServer - пользователь /127.0.0.1:59119 отправил данные
2026-09-07 00:26:15.274 [main] INFO  org.example.Network.UDPServer - выполняется запрос Command{name='execute', description='null', arguments='[Ljava.lang.String;@407a7f2a'}
2026-09-07 00:26:15.281 [main] INFO  org.example.Network.UDPServer - пользователь /127.0.0.1:59119 отправил данные
2026-09-07 00:26:15.281 [main] INFO  org.example.Network.UDPServer - выполняется запрос Command{name='execute', description='null', arguments='[Ljava.lang.String;@723e88f9'}
2026-09-07 00:26:17.273 [main] INFO  org.example.Network.UDPServer - пользователь /127.0.0.1:59119 отправил данные
2026-09-07 00:26:17.276 [main] INFO  org.example.Network.UDPServer - выполняется запрос Command{name='execute', description='null', arguments='[Ljava.lang.String;@3116c353'}
2026-09-07 00:26:17.285 [main] INFO  org.example.Network.UDPServer - пользователь /127.0.0.1:59119 отправил данные
2026-09-07 00:26:17.287 [main] INFO  org.example.Network.UDPServer - выполняется запрос Command{name='execute', description='null', arguments='[Ljava.lang.String;@748741cb'}
2026-09-07 00:26:19.275 [main] INFO  org.example.Network.UDPServer - пользователь /127.0.0.1:59119 отправил данные
2026-09-07 00:26:19.277 [main] INFO  org.example.Network.UDPServer - выполняется запрос Command{name='execute', description='null', arguments='[Ljava.lang.String;@895e367'}
2026-09-07 00:26:19.282 [main] INFO  org.example.Network.UDPServer - пользователь /127.0.0.1:59119 отправил данные
2026-09-07 00:26:19.283 [main] INFO  org.example.Network.UDPServer - выполняется запрос Command{name='execute', description='null', arguments='[Ljava.lang.String;@bb9e6dc'}
2026-09-07 00:26:21.277 [main] INFO  org.example.Network.UDPServer - пользователь /127.0.0.1:59119 отправил данные
2026-09-07 00:26:21.281 [main] INFO  org.example.Network.UDPServer - выполняется запрос Command{name='execute', description='null', arguments='[Ljava.lang.String;@4a00d9cf'}
2026-09-07 00:26:21.289 [main] INFO  org.example.Network.UDPServer - пользователь /127.0.0.1:59119 отправил данные
2026-09-07 00:26:21.291 [main] INFO  org.example.Network.UDPServer - выполняется запрос Command{name='execute', description='null', arguments='[Ljava.lang.String;@14a50707'}
2026-09-07 00:26:23.300 [main] INFO  org.example.Network.UDPServer - пользователь /127.0.0.1:59119 отправил данные
2026-09-07 00:26:23.300 [main] INFO  org.example.Network.UDPServer - пользователь /127.0.0.1:59119 отправил данные
2026-09-07 00:26:23.302 [main] INFO  org.example.Network.UDPServer - выполняется запрос Command{name='execute', description='null', arguments='[Ljava.lang.String;@20d7d6fb'}
2026-09-07 00:26:25.302 [main] INFO  org.example.Network.UDPServer - пользователь /127.0.0.1:59119 отправил данные
2026-09-07 00:26:25.306 [main] INFO  org.example.Network.UDPServer - выполняется запрос Command{name='execute', description='null', arguments='[Ljava.lang.String;@7f8a9499'}
2026-09-07 00:26:25.314 [main] INFO  org.example.Network.UDPServer - пользователь /127.0.0.1:59119 отправил данные
2026-09-07 00:26:25.316 [main] INFO  org.example.Network.UDPServer - выполняется запрос Command{name='execute', description='null', arguments='[Ljava.lang.String;@1c39680d'}
2026-09-07 00:26:27.304 [main] INFO  org.example.Network.UDPServer - пользователь /127.0.0.1:59119 отправил данные
2026-09-07 00:26:27.307 [main] INFO  org.example.Network.UDPServer - выполняется запрос Command{name='execute', description='null', arguments='[Ljava.lang.String;@13b3d178'}
2026-09-07 00:26:27.315 [main] INFO  org.example.Network.UDPServer - пользователь /127.0.0.1:59119 отправил данные
2026-09-07 00:26:27.317 [main] INFO  org.example.Network.UDPServer - выполняется запрос Command{name='execute', description='null', arguments='[Ljava.lang.String;@6a57ae10'}
2026-09-07 00:26:29.306 [main] INFO  org.example.Network.UDPServer - пользователь /127.0.0.1:59119 отправил данные
2026-09-07 00:26:29.310 [main] INFO  org.example.Network.UDPServer - выполняется запрос Command{name='execute', description='null', arguments='[Ljava.lang.String;@48c76607'}
2026-09-07 00:26:29.318 [main] INFO  org.example.Network.UDPServer - пользователь /127.0.0.1:59119 отправил данные
2026-09-07 00:26:29.320 [main] INFO  org.example.Network.UDPServer - выполняется запрос Command{name='execute', description='null', arguments='[Ljava.lang.String;@544d57e'}
2026-09-07 00:26:31.309 [main] INFO  org.example.Network.UDPServer - пользователь /127.0.0.1:59119 отправил данные
2026-09-07 00:26:31.313 [main] INFO  org.example.Network.UDPServer - выполняется запрос Command{name='execute', description='null', arguments='[Ljava.lang.String;@4a3631f8'}
2026-09-07 00:26:31.319 [main] INFO  org.example.Network.UDPServer - пользователь /127.0.0.1:59119 отправил данные
2026-09-07 00:26:31.319 [main] INFO  org.example.Network.UDPServer - выполняется запрос Command{name='execute', description='null', arguments='[Ljava.lang.String;@2d9caaeb'}
2026-09-07 00:26:33.315 [main] INFO  org.example.Network.UDPServer - пользователь /127.0.0.1:59119 отправил данные
2026-09-07 00:26:33.318 [main] INFO  org.example.Network.UDPServer - выполняется запрос Command{name='help', description='null', arguments='null'}
2026-09-07 00:26:33.319 [main] INFO  org.example.Network.UDPServer - ответ отправлен пользователю /127.0.0.1:59119,содержание:
add: добавить новый элемент в коллекцию. Команда от одного аргумента - добавить по XML
от девяти аргументов - явно задать параметры, без аргументов - интерактивный режим
fsn: fstarts_with_name: вывести элементы, значение поля name которых начинается с заданной подстроки
aifm: add_if_min: добавить новый элемент в коллекцию, если его значение меньше, чем у наименьшего элемента этой коллекции
clear: очистить коллекцию
show: показать информацию о коллекции
save: сохранить коллекцию в файл
rmg: remove_greater: удалить из коллекции все элементы, превышающие заданный
execute: считать и исполнить скрипт из указанного файла. В скрипте содержатся команды в таком же виде, в котором их вводит пользователь в интерактивном режиме.
rmi: remove_by_id :удалить элемент из коллекции по его id
fcn: filter_contains_name: вывести элементы, значение поля name которых содержит заданную подстроку
rml: remove_lower: удалить из коллекции все элементы, меньшие, чем заданный
help: вывести справку по доступным командам
ubi: update_by_id: обновить значение элемента коллекции, id которого равен заданному
info: вывести в стандартный поток вывода информацию о коллекции
group: сгруппировать элементы коллекции по значению поля creationDate, вывести количество элементов в каждой группе
2026-09-07 00:26:37.699 [main] INFO  org.example.Network.UDPServer - пользователь /127.0.0.1:59119 отправил данные
2026-09-07 00:26:37.701 [main] INFO  org.example.Network.UDPServer - выполняется запрос Command{name='add', description='null', arguments='[Ljava.lang.String;@3ddc6915'}
2026-09-07 00:26:39.701 [main] INFO  org.example.Network.UDPServer - пользователь /127.0.0.1:59119 отправил данные
2026-09-07 00:26:39.704 [main] INFO  org.example.Network.UDPServer - выполняется запрос Command{name='add', description='null', arguments='[Ljava.lang.String;@404bbcbd'}
2026-09-07 00:26:41.704 [main] INFO  org.example.Network.UDPServer - пользователь /127.0.0.1:59119 отправил данные
2026-09-07 00:26:41.706 [main] INFO  org.example.Network.UDPServer - выполняется запрос Command{name='add', description='null', arguments='[Ljava.lang.String;@6986852'}
2026-09-07 00:26:43.705 [main] INFO  org.example.Network.UDPServer - пользователь /127.0.0.1:59119 отправил данные
2026-09-07 00:26:43.708 [main] INFO  org.example.Network.UDPServer - выполняется запрос Command{name='add', description='null', arguments='[Ljava.lang.String;@6e01f9b0'}
2026-09-07 00:26:45.708 [main] INFO  org.example.Network.UDPServer - пользователь /127.0.0.1:59119 отправил данные
2026-09-07 00:26:45.711 [main] INFO  org.example.Network.UDPServer - выполняется запрос Command{name='add', description='null', arguments='[Ljava.lang.String;@658c5a19'}
2026-09-07 00:34:58.008 [Thread-0] INFO  org.example.Server - сервер прекратил работу
2026-09-07 00:34:59.573 [main] INFO  org.example.Network.UDPServer - Сервер запущен на порту 24868
2026-09-07 00:35:08.978 [main] INFO  org.example.Network.UDPServer - пользователь /127.0.0.1:36050 отправил данные
2026-09-07 00:35:08.982 [main] INFO  org.example.Network.UDPServer - выполняется запрос Command{name='add', description='null', arguments='[Ljava.lang.String;@6e6f2380'}
2026-09-07 00:35:10.980 [main] INFO  org.example.Network.UDPServer - пользователь /127.0.0.1:36050 отправил данные
2026-09-07 00:35:10.988 [main] INFO  org.example.Network.UDPServer - выполняется запрос Command{name='add', description='null', arguments='[Ljava.lang.String;@7d0b7e3c'}
2026-09-07 00:35:12.985 [main] INFO  org.example.Network.UDPServer - пользователь /127.0.0.1:36050 отправил данные
2026-09-07 00:35:12.991 [main] INFO  org.example.Network.UDPServer - выполняется запрос Command{name='add', description='null', arguments='[Ljava.lang.String;@2eae8e6e'}
2026-09-07 00:35:14.987 [main] INFO  org.example.Network.UDPServer - пользователь /127.0.0.1:36050 отправил данные
2026-09-07 00:35:14.992 [main] INFO  org.example.Network.UDPServer - выполняется запрос Command{name='add', description='null', arguments='[Ljava.lang.String;@2cf3d63b'}
2026-09-07 00:35:16.990 [main] INFO  org.example.Network.UDPServer - пользователь /127.0.0.1:36050 отправил данные
2026-09-07 00:35:16.995 [main] INFO  org.example.Network.UDPServer - выполняется запрос Command{name='add', description='null', arguments='[Ljava.lang.String;@173ed316'}
2026-09-07 00:38:59.194 [main] INFO  org.example.Network.UDPServer - пользователь /127.0.0.1:57185 отправил данные
2026-09-07 00:38:59.197 [main] INFO  org.example.Network.UDPServer - выполняется запрос Command{name='add', description='null', arguments='[Ljava.lang.String;@17f62e33'}
2026-09-07 00:38:59.206 [main] INFO  org.example.Network.UDPServer - ответ отправлен пользователю /127.0.0.1:57185,содержание:
такая группа уже есть
2026-09-07 00:39:04.389 [main] INFO  org.example.Network.UDPServer - пользователь /127.0.0.1:57185 отправил данные
2026-09-07 00:39:04.393 [main] INFO  org.example.Network.UDPServer - выполняется запрос Command{name='show', description='null', arguments='null'}
2026-09-07 00:39:04.410 [main] INFO  org.example.Network.UDPServer - ответ отправлен пользователю /127.0.0.1:57185,содержание:
[MusicBand{
ID: 2, NAME: Group, COORDINATES: Coordinates{1, 1.0}, CREATION DATE: 2026-06-08T19:50:47.620694857+03:00[Europe/Moscow],
NUMBER OF PARTICIPANTS: 2, ESTABLISHMENT DATE: 2026-06-08, MUSIC GENRE: ROCK,
FRONT MAN: Person{ NAME: Tvari, HEIGHT: 170.0, PASSPORT ID: 1241KDSKKS, HAIR COLOR: WHITE, Location{1.0, 1, 1.0}}
}, MusicBand{
ID: 3, NAME: Loool, COORDINATES: Coordinates{1234, 2234.0}, CREATION DATE: 2026-09-06T20:48:16.210582999+03:00[Europe/Moscow],
NUMBER OF PARTICIPANTS: 2, ESTABLISHMENT DATE: 2026-09-06, MUSIC GENRE: SOUL,
FRONT MAN: Person{ NAME: Genius, HEIGHT: 174.0, PASSPORT ID: KFSDKF213KFK4224, HAIR COLOR: ORANGE, Location{12.55, -421, 43.44}}
}, MusicBand{
ID: 5, NAME: New brand, COORDINATES: Coordinates{23, 324.0}, CREATION DATE: 2026-09-07T00:01:51.660357277+03:00[Europe/Moscow],
NUMBER OF PARTICIPANTS: 321, ESTABLISHMENT DATE: 2026-09-07, MUSIC GENRE: PROGRESSIVE_ROCK,
FRONT MAN: Person{ NAME: Ya, HEIGHT: 187.0, PASSPORT ID: KFKK134KFSK, HAIR COLOR: BLUE, Location{1.0, 1234, -254245.0}}
}, MusicBand{
ID: 1, NAME: Pink Floyd, COORDINATES: Coordinates{100, 250.5}, CREATION DATE: 2024-03-15T10:30Z,
NUMBER OF PARTICIPANTS: 5, ESTABLISHMENT DATE: 1965-10-15, MUSIC GENRE: PROGRESSIVE_ROCK,
FRONT MAN: Person{ NAME: David Gilmour, HEIGHT: 175.5, PASSPORT ID: AB1234567, HAIR COLOR: BLUE, Location{55.7558, 3761750, 156.0}}
}, MusicBand{
ID: 4, NAME: True band, COORDINATES: Coordinates{-24214, 1.24533333341E11}, CREATION DATE: 2026-09-07T00:05:28.585406592+03:00[Europe/Moscow],
NUMBER OF PARTICIPANTS: 2394592898, ESTABLISHMENT DATE: 2026-09-07, MUSIC GENRE: ROCK,
FRONT MAN: Person{ NAME: Ivan, HEIGHT: 234.0, PASSPORT ID: 11FDSKFKKSJFK93942, HAIR COLOR: WHITE, Location{1432.0, 2142, -0.1234}}
}, MusicBand{
ID: 6, NAME: Wow, COORDINATES: Coordinates{2, 534.0}, CREATION DATE: 2026-09-07T00:19:59.451315750+03:00[Europe/Moscow],
NUMBER OF PARTICIPANTS: 44, ESTABLISHMENT DATE: 2026-09-07, MUSIC GENRE: ROCK,
FRONT MAN: Person{ NAME: Kyu, HEIGHT: 140.0, PASSPORT ID: 141K1231DSKKS, HAIR COLOR: WHITE, Location{12.0, 14, 15.0}}
}]
2026-09-07 00:39:14.188 [main] INFO  org.example.Network.UDPServer - пользователь /127.0.0.1:57185 отправил данные
2026-09-07 00:39:14.196 [main] INFO  org.example.Network.UDPServer - выполняется запрос Command{name='rmi', description='null', arguments='[Ljava.lang.String;@1040be71'}
2026-09-07 00:39:14.210 [main] INFO  o.example.Menegers.CollectionManager - коллекция сохранена
2026-09-07 00:39:14.210 [main] INFO  org.example.Network.UDPServer - ответ отправлен пользователю /127.0.0.1:57185,содержание:
Удалены музыкальные группы с id: 6 
2026-09-07 00:39:18.041 [main] INFO  org.example.Network.UDPServer - пользователь /127.0.0.1:57185 отправил данные
2026-09-07 00:39:18.045 [main] INFO  org.example.Network.UDPServer - выполняется запрос Command{name='show', description='null', arguments='null'}
2026-09-07 00:39:18.046 [main] INFO  org.example.Network.UDPServer - ответ отправлен пользователю /127.0.0.1:57185,содержание:
[MusicBand{
ID: 2, NAME: Group, COORDINATES: Coordinates{1, 1.0}, CREATION DATE: 2026-06-08T19:50:47.620694857+03:00[Europe/Moscow],
NUMBER OF PARTICIPANTS: 2, ESTABLISHMENT DATE: 2026-06-08, MUSIC GENRE: ROCK,
FRONT MAN: Person{ NAME: Tvari, HEIGHT: 170.0, PASSPORT ID: 1241KDSKKS, HAIR COLOR: WHITE, Location{1.0, 1, 1.0}}
}, MusicBand{
ID: 3, NAME: Loool, COORDINATES: Coordinates{1234, 2234.0}, CREATION DATE: 2026-09-06T20:48:16.210582999+03:00[Europe/Moscow],
NUMBER OF PARTICIPANTS: 2, ESTABLISHMENT DATE: 2026-09-06, MUSIC GENRE: SOUL,
FRONT MAN: Person{ NAME: Genius, HEIGHT: 174.0, PASSPORT ID: KFSDKF213KFK4224, HAIR COLOR: ORANGE, Location{12.55, -421, 43.44}}
}, MusicBand{
ID: 5, NAME: New brand, COORDINATES: Coordinates{23, 324.0}, CREATION DATE: 2026-09-07T00:01:51.660357277+03:00[Europe/Moscow],
NUMBER OF PARTICIPANTS: 321, ESTABLISHMENT DATE: 2026-09-07, MUSIC GENRE: PROGRESSIVE_ROCK,
FRONT MAN: Person{ NAME: Ya, HEIGHT: 187.0, PASSPORT ID: KFKK134KFSK, HAIR COLOR: BLUE, Location{1.0, 1234, -254245.0}}
}, MusicBand{
ID: 1, NAME: Pink Floyd, COORDINATES: Coordinates{100, 250.5}, CREATION DATE: 2024-03-15T10:30Z,
NUMBER OF PARTICIPANTS: 5, ESTABLISHMENT DATE: 1965-10-15, MUSIC GENRE: PROGRESSIVE_ROCK,
FRONT MAN: Person{ NAME: David Gilmour, HEIGHT: 175.5, PASSPORT ID: AB1234567, HAIR COLOR: BLUE, Location{55.7558, 3761750, 156.0}}
}, MusicBand{
ID: 4, NAME: True band, COORDINATES: Coordinates{-24214, 1.24533333341E11}, CREATION DATE: 2026-09-07T00:05:28.585406592+03:00[Europe/Moscow],
NUMBER OF PARTICIPANTS: 2394592898, ESTABLISHMENT DATE: 2026-09-07, MUSIC GENRE: ROCK,
FRONT MAN: Person{ NAME: Ivan, HEIGHT: 234.0, PASSPORT ID: 11FDSKFKKSJFK93942, HAIR COLOR: WHITE, Location{1432.0, 2142, -0.1234}}
}]
2026-09-07 00:39:22.984 [main] INFO  org.example.Network.UDPServer - пользователь /127.0.0.1:57185 отправил данные
2026-09-07 00:39:22.988 [main] INFO  org.example.Network.UDPServer - выполняется запрос Command{name='add', description='null', arguments='[Ljava.lang.String;@700fb871'}
2026-09-07 00:39:22.990 [main] INFO  o.example.Menegers.CollectionManager - добавлена музыкальная группа:MusicBand{
ID: 6, NAME: Wow, COORDINATES: Coordinates{2, 534.0}, CREATION DATE: 2026-09-07T00:39:22.971610961+03:00[Europe/Moscow],
NUMBER OF PARTICIPANTS: 44, ESTABLISHMENT DATE: 2026-09-07, MUSIC GENRE: ROCK,
FRONT MAN: Person{ NAME: Kyu, HEIGHT: 140.0, PASSPORT ID: 141K1231DSKKS, HAIR COLOR: WHITE, Location{12.0, 14, 15.0}}
}
2026-09-07 00:39:22.993 [main] INFO  o.example.Menegers.CollectionManager - коллекция сохранена
2026-09-07 00:39:22.994 [main] INFO  org.example.Network.UDPServer - ответ отправлен пользователю /127.0.0.1:57185,содержание:
Музыкальная группа успешно добавлена
2026-09-07 00:39:26.165 [main] INFO  org.example.Network.UDPServer - пользователь /127.0.0.1:57185 отправил данные
2026-09-07 00:39:26.170 [main] INFO  org.example.Network.UDPServer - выполняется запрос Command{name='show', description='null', arguments='null'}
2026-09-07 00:39:26.172 [main] INFO  org.example.Network.UDPServer - ответ отправлен пользователю /127.0.0.1:57185,содержание:
[MusicBand{
ID: 2, NAME: Group, COORDINATES: Coordinates{1, 1.0}, CREATION DATE: 2026-06-08T19:50:47.620694857+03:00[Europe/Moscow],
NUMBER OF PARTICIPANTS: 2, ESTABLISHMENT DATE: 2026-06-08, MUSIC GENRE: ROCK,
FRONT MAN: Person{ NAME: Tvari, HEIGHT: 170.0, PASSPORT ID: 1241KDSKKS, HAIR COLOR: WHITE, Location{1.0, 1, 1.0}}
}, MusicBand{
ID: 3, NAME: Loool, COORDINATES: Coordinates{1234, 2234.0}, CREATION DATE: 2026-09-06T20:48:16.210582999+03:00[Europe/Moscow],
NUMBER OF PARTICIPANTS: 2, ESTABLISHMENT DATE: 2026-09-06, MUSIC GENRE: SOUL,
FRONT MAN: Person{ NAME: Genius, HEIGHT: 174.0, PASSPORT ID: KFSDKF213KFK4224, HAIR COLOR: ORANGE, Location{12.55, -421, 43.44}}
}, MusicBand{
ID: 5, NAME: New brand, COORDINATES: Coordinates{23, 324.0}, CREATION DATE: 2026-09-07T00:01:51.660357277+03:00[Europe/Moscow],
NUMBER OF PARTICIPANTS: 321, ESTABLISHMENT DATE: 2026-09-07, MUSIC GENRE: PROGRESSIVE_ROCK,
FRONT MAN: Person{ NAME: Ya, HEIGHT: 187.0, PASSPORT ID: KFKK134KFSK, HAIR COLOR: BLUE, Location{1.0, 1234, -254245.0}}
}, MusicBand{
ID: 1, NAME: Pink Floyd, COORDINATES: Coordinates{100, 250.5}, CREATION DATE: 2024-03-15T10:30Z,
NUMBER OF PARTICIPANTS: 5, ESTABLISHMENT DATE: 1965-10-15, MUSIC GENRE: PROGRESSIVE_ROCK,
FRONT MAN: Person{ NAME: David Gilmour, HEIGHT: 175.5, PASSPORT ID: AB1234567, HAIR COLOR: BLUE, Location{55.7558, 3761750, 156.0}}
}, MusicBand{
ID: 4, NAME: True band, COORDINATES: Coordinates{-24214, 1.24533333341E11}, CREATION DATE: 2026-09-07T00:05:28.585406592+03:00[Europe/Moscow],
NUMBER OF PARTICIPANTS: 2394592898, ESTABLISHMENT DATE: 2026-09-07, MUSIC GENRE: ROCK,
FRONT MAN: Person{ NAME: Ivan, HEIGHT: 234.0, PASSPORT ID: 11FDSKFKKSJFK93942, HAIR COLOR: WHITE, Location{1432.0, 2142, -0.1234}}
}, MusicBand{
ID: 6, NAME: Wow, COORDINATES: Coordinates{2, 534.0}, CREATION DATE: 2026-09-07T00:39:22.971610961+03:00[Europe/Moscow],
NUMBER OF PARTICIPANTS: 44, ESTABLISHMENT DATE: 2026-09-07, MUSIC GENRE: ROCK,
FRONT MAN: Person{ NAME: Kyu, HEIGHT: 140.0, PASSPORT ID: 141K1231DSKKS, HAIR COLOR: WHITE, Location{12.0, 14, 15.0}}
}]
2026-09-07 01:41:42.478 [Thread-0] INFO  org.example.Server - сервер прекратил работу
2026-09-07 01:45:45.460 [main] INFO  org.example.Network.UDPServer - Сервер запущен на порту 24868
2026-09-07 01:45:48.429 [main] INFO  org.example.Network.UDPServer - пользователь /127.0.0.1:60185 отправил данные
2026-09-07 01:45:48.465 [main] INFO  org.example.Network.UDPServer - выполняется запрос Command{name='help', description='null', arguments='null'}
2026-09-07 01:45:48.479 [main] INFO  org.example.Network.UDPServer - ответ отправлен пользователю /127.0.0.1:60185,количество байт:
2219
